symbol,date,open,high,low,close,volume,market,close_ratio,spread
ETH,2015-08-07,2.83,3.54,2.52,2.77,164329.0,166610555.0,0.2451,1.02
ETH,2015-08-08,2.79,2.8,0.714725,0.753325,674188.0,45486894.0,0.0185,2.09
ETH,2015-08-09,0.706136,0.87981,0.629191,0.701897,532170.0,42399573.0,0.2901,0.25
ETH,2015-08-10,0.713989,0.729854,0.6365460000000001,0.708448,405283.0,42818364.0,0.7706,0.09
ETH,2015-08-11,0.708087,1.13,0.663235,1.07,1463100.0,64569288.0,0.8715,0.47
ETH,2015-08-12,1.06,1.29,0.883608,1.22,2150620.0,73645011.0,0.8278,0.41
ETH,2015-08-13,1.22,1.97,1.17,1.83,4068680.0,110607192.0,0.825,0.8
ETH,2015-08-14,1.81,2.26,1.75,1.83,4637030.0,110672322.0,0.1569,0.51
ETH,2015-08-15,1.8,1.88,1.57,1.69,2554360.0,102303608.0,0.3871,0.31
ETH,2015-08-16,1.68,1.7,1.09,1.57,3550790.0,94901005.0,0.7869,0.61
ETH,2015-08-17,1.58,1.58,1.19,1.2,1942830.0,87295367.0,0.0256,0.39
ETH,2015-08-18,1.22,1.33,1.09,1.09,1485680.0,78868413.0,0.0,0.24
ETH,2015-08-19,1.17,1.32,1.17,1.26,1486240.0,91366391.0,0.6,0.15
ETH,2015-08-20,1.25,1.53,1.25,1.46,2843760.0,106351420.0,0.75,0.28
ETH,2015-08-21,1.48,1.56,1.35,1.4,2020970.0,101331856.0,0.2381,0.21
ETH,2015-08-22,1.4,1.48,1.35,1.38,948310.0,100201826.0,0.2308,0.13
ETH,2015-08-23,1.38,1.41,1.3,1.35,1589300.0,98300351.0,0.4545,0.11
ETH,2015-08-24,1.35,1.36,1.23,1.23,924920.0,89515257.0,0.0,0.13
ETH,2015-08-25,1.23,1.24,1.13,1.14,1307180.0,82922633.0,0.0909,0.11
ETH,2015-08-26,1.13,1.2,1.06,1.16,1056750.0,84390924.0,0.7143,0.14
ETH,2015-08-27,1.17,1.19,1.14,1.15,686662.0,83524585.0,0.2,0.05
ETH,2015-08-28,1.15,1.21,1.12,1.19,721872.0,86731077.0,0.7778,0.09
ETH,2015-08-29,1.19,1.21,1.15,1.18,375377.0,86113895.0,0.5,0.06
ETH,2015-08-30,1.18,1.37,1.17,1.32,1337650.0,96097349.0,0.75,0.2
ETH,2015-08-31,1.32,1.4,1.2,1.36,1447180.0,98963975.0,0.8,0.2
ETH,2015-09-01,1.35,1.39,1.34,1.35,778862.0,98507500.0,0.2,0.05
ETH,2015-09-02,1.35,1.35,1.26,1.29,883769.0,94389544.0,0.3333,0.09
ETH,2015-09-03,1.3,1.31,1.21,1.26,702991.0,92234142.0,0.5,0.1
ETH,2015-09-04,1.26,1.3,1.24,1.27,474391.0,92953701.0,0.5,0.06
ETH,2015-09-05,1.28,1.34,1.27,1.34,448453.0,97683883.0,1.0,0.07
ETH,2015-09-06,1.34,1.37,1.29,1.3,491968.0,94580164.0,0.125,0.08
ETH,2015-09-07,1.3,1.31,1.24,1.25,489014.0,91020735.0,0.1429,0.07
ETH,2015-09-08,1.25,1.28,1.23,1.24,427892.0,90743242.0,0.2,0.05
ETH,2015-09-09,1.24,1.26,1.2,1.21,366748.0,88150125.0,0.1667,0.06
ETH,2015-09-10,1.21,1.22,1.14,1.17,662782.0,85202732.0,0.375,0.08
ETH,2015-09-11,1.16,1.17,0.940675,0.982978,1942600.0,71868265.0,0.1845,0.23
ETH,2015-09-12,0.9872280000000001,1.11,0.96978,1.04,772430.0,75971273.0,0.5008,0.14
ETH,2015-09-13,1.04,1.04,0.902832,0.936003,644138.0,68480587.0,0.2418,0.14
ETH,2015-09-14,0.940566,0.9493870000000001,0.8717600000000001,0.8756219999999999,741085.0,64084135.0,0.0498,0.08
ETH,2015-09-15,0.875189,1.05,0.875189,0.9444100000000001,703390.0,69141409.0,0.396,0.17
ETH,2015-09-16,0.9419770000000001,0.9526979999999999,0.901639,0.907175,615593.0,66437873.0,0.1084,0.05
ETH,2015-09-17,0.9068649999999999,0.9092040000000001,0.831132,0.874231,897940.0,64046216.0,0.552,0.08
ETH,2015-09-18,0.874574,0.8881020000000001,0.833908,0.853685,484622.0,62561883.0,0.3649,0.05
ETH,2015-09-19,0.8496030000000001,0.911883,0.833784,0.882391,386988.0,64687992.0,0.6224,0.08
ETH,2015-09-20,0.881191,0.947741,0.8732049999999999,0.9384450000000001,508314.0,68822183.0,0.8753,0.07
ETH,2015-09-21,0.9414959999999999,0.957326,0.878301,0.919047,424039.0,67422915.0,0.5156,0.08
ETH,2015-09-22,0.9193370000000001,0.9193370000000001,0.865225,0.9017959999999999,487914.0,66180153.0,0.6758,0.05
ETH,2015-09-23,0.90356,0.90891,0.885136,0.8934059999999999,200541.0,65587499.0,0.3479,0.02
ETH,2015-09-24,0.8967959999999999,0.9085709999999999,0.79346,0.81361,842505.0,59749888.0,0.175,0.12
ETH,2015-09-25,0.820031,0.825665,0.712745,0.736223,903457.0,54085581.0,0.2079,0.11
ETH,2015-09-26,0.73763,0.7875439999999999,0.709328,0.785964,369620.0,57759115.0,0.9798,0.08
ETH,2015-09-27,0.791277,0.791277,0.719169,0.720839,413801.0,52990396.0,0.0232,0.07
ETH,2015-09-28,0.723715,0.725677,0.557062,0.582886,1320890.0,42863006.0,0.1532,0.17
ETH,2015-09-29,0.579414,0.67583,0.558346,0.661146,913992.0,48633259.0,0.875,0.12
ETH,2015-09-30,0.661192,0.746722,0.635861,0.738644,619926.0,54351468.0,0.9271,0.11
ETH,2015-10-01,0.7343069999999999,0.7343069999999999,0.655906,0.6902149999999999,596084.0,50805919.0,0.4376,0.08
ETH,2015-10-02,0.683732,0.69112,0.654605,0.678574,219318.0,49966502.0,0.6564,0.04
ETH,2015-10-03,0.678783,0.709204,0.6754819999999999,0.687171,163326.0,50616972.0,0.3466,0.03
ETH,2015-10-04,0.686343,0.693126,0.660716,0.668379,103497.0,49249083.0,0.2364,0.03
ETH,2015-10-05,0.666784,0.674438,0.62445,0.6286430000000001,234263.0,46336892.0,0.0839,0.05
ETH,2015-10-06,0.622218,0.653944,0.60623,0.650645,262674.0,47974298.0,0.9309,0.05
ETH,2015-10-07,0.650515,0.656301,0.6024229999999999,0.609388,218327.0,44947527.0,0.1293,0.05
ETH,2015-10-08,0.6095010000000001,0.633138,0.591971,0.6217159999999999,310266.0,45872837.0,0.7225,0.04
ETH,2015-10-09,0.655084,0.692296,0.632116,0.650628,386420.0,48022036.0,0.3076,0.06
ETH,2015-10-10,0.641187,0.649022,0.624374,0.627857,141555.0,46356711.0,0.1413,0.02
ETH,2015-10-11,0.6274609999999999,0.639506,0.6183350000000001,0.634963,102128.0,46897253.0,0.7854,0.02
ETH,2015-10-12,0.6345149999999999,0.6577890000000001,0.62603,0.62603,109567.0,46253823.0,0.0,0.03
ETH,2015-10-13,0.627943,0.6302399999999999,0.599214,0.6076550000000001,303044.0,44911718.0,0.2721,0.03
ETH,2015-10-14,0.61224,0.61224,0.48397399999999996,0.522968,971664.0,38665409.0,0.304,0.13
ETH,2015-10-15,0.523278,0.5727140000000001,0.51473,0.561878,371022.0,41556025.0,0.8131,0.06
ETH,2015-10-16,0.562593,0.568861,0.522533,0.5364949999999999,249891.0,39691829.0,0.3014,0.05
ETH,2015-10-17,0.534117,0.5634600000000001,0.526961,0.5471779999999999,313860.0,40496031.0,0.5539,0.04
ETH,2015-10-18,0.547913,0.552234,0.512861,0.517734,133690.0,38329702.0,0.1238,0.04
ETH,2015-10-19,0.517621,0.521546,0.480994,0.48901400000000006,243742.0,36215624.0,0.1978,0.04
ETH,2015-10-20,0.489629,0.501898,0.431648,0.434829,383921.0,32213626.0,0.0453,0.07
ETH,2015-10-21,0.43158900000000006,0.48298800000000003,0.420897,0.447329,609085.0,33150826.0,0.4257,0.06
ETH,2015-10-22,0.444988,0.619466,0.420991,0.567702,924822.0,42085192.0,0.7392,0.2
ETH,2015-10-23,0.5663699999999999,0.611743,0.5042840000000001,0.5396569999999999,878822.0,40020348.0,0.3292,0.11
ETH,2015-10-24,0.5396810000000001,0.577396,0.518688,0.5635899999999999,258356.0,41809764.0,0.7648,0.06
ETH,2015-10-25,0.563207,0.688192,0.561383,0.616039,635384.0,45716387.0,0.431,0.13
ETH,2015-10-26,0.619743,0.757517,0.5970979999999999,0.731317,1089120.0,54289124.0,0.8367,0.16
ETH,2015-10-27,0.7088899999999999,0.898172,0.7088899999999999,0.869641,1846370.0,64580263.0,0.8493,0.19
ETH,2015-10-28,0.8709379999999999,1.06,0.8078569999999999,1.0,2373050.0,74469864.0,0.762,0.25
ETH,2015-10-29,1.01,1.21,0.9473739999999999,1.21,2279240.0,89668667.0,1.0,0.26
ETH,2015-10-30,1.21,1.35,0.96816,1.04,2429200.0,77401817.0,0.1881,0.38
ETH,2015-10-31,1.05,1.06,0.9001709999999999,0.9166270000000001,673892.0,68163368.0,0.10300000000000001,0.16
ETH,2015-11-01,0.920847,1.08,0.8990819999999999,1.06,588913.0,78530263.0,0.8895,0.18
ETH,2015-11-02,1.06,1.1,0.9536469999999999,0.9897889999999999,1145200.0,73654327.0,0.247,0.15
ETH,2015-11-03,0.994568,1.07,0.936615,1.01,1907690.0,75434114.0,0.5502,0.13
ETH,2015-11-04,1.01,1.04,0.725665,0.89905,3060340.0,66947930.0,0.5516,0.31
ETH,2015-11-05,0.900699,0.991259,0.860382,0.8956370000000001,1179840.0,66716645.0,0.2694,0.13
ETH,2015-11-06,0.9047719999999999,0.989848,0.852929,0.926032,913666.0,69004595.0,0.5339,0.14
ETH,2015-11-07,0.923732,0.943787,0.863539,0.927974,890187.0,69172171.0,0.8029,0.08
ETH,2015-11-08,0.9156610000000001,1.03,0.9156610000000001,1.03,1021460.0,76614488.0,1.0,0.11
ETH,2015-11-09,1.03,1.11,0.945263,0.9992780000000001,2045290.0,74537426.0,0.3279,0.16
ETH,2015-11-10,1.0,1.05,0.920968,0.934348,854581.0,69717801.0,0.1037,0.13
ETH,2015-11-11,0.9412959999999999,0.9452780000000001,0.729775,0.791829,1278580.0,59103443.0,0.2879,0.22
ETH,2015-11-12,0.796455,0.913919,0.76351,0.895711,806156.0,66880152.0,0.8789,0.15
ETH,2015-11-13,0.9077219999999999,0.917309,0.846023,0.9040959999999999,543671.0,67529354.0,0.8146,0.07
ETH,2015-11-14,0.9054690000000001,0.906113,0.876908,0.888812,372514.0,66410518.0,0.4076,0.03
ETH,2015-11-15,0.891217,0.921516,0.874957,0.9063680000000001,411848.0,67745801.0,0.6746,0.05
ETH,2015-11-16,0.906166,0.944732,0.891971,0.9289620000000001,620945.0,69458011.0,0.7011,0.05
ETH,2015-11-17,0.924948,1.03,0.9057940000000001,1.01,1145440.0,75392162.0,0.8390000000000001,0.12
ETH,2015-11-18,0.9932139999999999,1.01,0.940516,0.9933190000000001,681104.0,74320769.0,0.7599,0.07
ETH,2015-11-19,0.988713,1.01,0.9374979999999999,0.9555319999999999,443528.0,71517342.0,0.2487,0.07
ETH,2015-11-20,0.955735,0.955735,0.898576,0.9249200000000001,614335.0,69247998.0,0.4609,0.06
ETH,2015-11-21,0.928758,0.978743,0.92094,0.97614,455976.0,73107357.0,0.955,0.06
ETH,2015-11-22,0.979765,0.984132,0.958982,0.968018,372173.0,72523507.0,0.3593,0.03
ETH,2015-11-23,0.967493,0.969057,0.9338700000000001,0.9469690000000001,441875.0,70970606.0,0.3723,0.04
ETH,2015-11-24,0.946442,0.948055,0.8959309999999999,0.900191,524195.0,67487356.0,0.0817,0.05
ETH,2015-11-25,0.893827,0.899493,0.8511059999999999,0.8635370000000001,622991.0,64760707.0,0.2569,0.05
ETH,2015-11-26,0.863273,0.903643,0.8043600000000001,0.8841829999999999,947473.0,66330892.0,0.804,0.1
ETH,2015-11-27,0.8821,0.900051,0.8606950000000001,0.867951,403813.0,65135635.0,0.1844,0.04
ETH,2015-11-28,0.868102,0.929293,0.8621219999999999,0.915703,462464.0,68742122.0,0.7977,0.07
ETH,2015-11-29,0.9141440000000001,0.9141530000000001,0.860533,0.8786139999999999,448358.0,65980042.0,0.3372,0.05
ETH,2015-11-30,0.879951,0.8950540000000001,0.8476959999999999,0.8731190000000001,784439.0,65589555.0,0.5368,0.05
ETH,2015-12-01,0.878316,0.8867360000000001,0.8539370000000001,0.8748,652857.0,65738067.0,0.6361,0.03
ETH,2015-12-02,0.8731709999999999,0.878017,0.818924,0.82121,506307.0,61730775.0,0.0387,0.06
ETH,2015-12-03,0.818546,0.837664,0.785086,0.8121430000000001,539969.0,61070307.0,0.5146,0.05
ETH,2015-12-04,0.812082,0.859575,0.802373,0.840041,241278.0,63189182.0,0.6585,0.06
ETH,2015-12-05,0.841195,0.872821,0.8244440000000001,0.8624379999999999,232743.0,64895497.0,0.7854,0.05
ETH,2015-12-06,0.866417,0.8824360000000001,0.8331149999999999,0.8355,443608.0,62889050.0,0.0484,0.05
ETH,2015-12-07,0.8363219999999999,0.850791,0.78765,0.811264,520409.0,61084951.0,0.374,0.06
ETH,2015-12-08,0.806024,0.8236450000000001,0.782328,0.822118,445903.0,61922409.0,0.963,0.04
ETH,2015-12-09,0.8244540000000001,0.8244540000000001,0.7704880000000001,0.792167,624221.0,59687098.0,0.4017,0.05
ETH,2015-12-10,0.7955899999999999,0.86159,0.787291,0.8403959999999999,369589.0,63342630.0,0.7147,0.07
ETH,2015-12-11,0.839995,0.9297620000000001,0.819789,0.9297620000000001,801072.0,70101842.0,1.0,0.11
ETH,2015-12-12,0.9311959999999999,1.05,0.9285459999999999,0.976973,1376280.0,73686284.0,0.3987,0.12
ETH,2015-12-13,0.9715379999999999,0.989394,0.9374379999999999,0.9528840000000001,273614.0,71894531.0,0.2973,0.05
ETH,2015-12-14,0.95662,1.01,0.9501780000000001,0.993022,563436.0,74947760.0,0.7162,0.06
ETH,2015-12-15,0.9905889999999999,1.03,0.98224,1.01,578618.0,76568082.0,0.5812,0.05
ETH,2015-12-16,1.02,1.02,0.9749270000000001,0.991182,320767.0,74858729.0,0.3606,0.05
ETH,2015-12-17,0.993043,0.997611,0.9118069999999999,0.940701,640765.0,71069938.0,0.3367,0.09
ETH,2015-12-18,0.938327,0.939493,0.9080809999999999,0.920127,300787.0,69538663.0,0.3835,0.03
ETH,2015-12-19,0.921524,0.925874,0.888916,0.9080719999999999,343535.0,68650439.0,0.5183,0.04
ETH,2015-12-20,0.9082399999999999,0.943185,0.8994409999999999,0.903885,472164.0,68356313.0,0.1016,0.04
ETH,2015-12-21,0.906065,0.9173899999999999,0.8911819999999999,0.9007709999999999,549113.0,68143246.0,0.3659,0.03
ETH,2015-12-22,0.8949729999999999,0.9095260000000001,0.862059,0.864202,454249.0,65398932.0,0.0451,0.05
ETH,2015-12-23,0.8617819999999999,0.88294,0.856065,0.8580770000000001,334993.0,64957356.0,0.0749,0.03
ETH,2015-12-24,0.859433,0.882818,0.8476,0.8632620000000001,354646.0,65371538.0,0.4447,0.04
ETH,2015-12-25,0.861993,0.8825559999999999,0.861993,0.8703629999999999,187114.0,65931377.0,0.40700000000000003,0.02
ETH,2015-12-26,0.870766,0.8974530000000001,0.8383139999999999,0.8546030000000001,425282.0,64758910.0,0.2754,0.06
ETH,2015-12-27,0.853166,0.8615379999999999,0.841151,0.8563649999999999,164565.0,64913919.0,0.7463,0.02
ETH,2015-12-28,0.8563559999999999,0.872394,0.832932,0.8450049999999999,235134.0,64074279.0,0.3059,0.04
ETH,2015-12-29,0.843835,0.8730540000000001,0.833232,0.8730540000000001,215742.0,66222901.0,1.0,0.04
ETH,2015-12-30,0.874258,0.941099,0.866647,0.911958,604078.0,69196765.0,0.6086,0.07
ETH,2015-12-31,0.912098,0.9754139999999999,0.910277,0.933542,663994.0,70858023.0,0.3572,0.07
ETH,2016-01-01,0.9337120000000001,0.954822,0.931442,0.948024,206062.0,71980386.0,0.7092,0.02
ETH,2016-01-02,0.947401,0.9696370000000001,0.9365600000000001,0.937124,255504.0,71176658.0,0.0171,0.03
ETH,2016-01-03,0.9384299999999999,0.9913620000000001,0.934313,0.9719049999999999,407632.0,73843292.0,0.6589,0.06
ETH,2016-01-04,0.972045,0.9764379999999999,0.9298350000000001,0.9544799999999999,346245.0,72543707.0,0.5288,0.05
ETH,2016-01-05,0.953147,0.9705969999999999,0.946543,0.950176,219833.0,72240974.0,0.151,0.02
ETH,2016-01-06,0.9500280000000001,0.960659,0.935708,0.95086,308791.0,72317149.0,0.6073,0.02
ETH,2016-01-07,0.955801,0.9746229999999999,0.9358299999999999,0.942005,647462.0,71667152.0,0.1592,0.04
ETH,2016-01-08,0.942752,0.991825,0.939715,0.9867889999999999,545600.0,75099809.0,0.9034,0.05
ETH,2016-01-09,0.9855010000000001,0.992345,0.9736,0.986833,226281.0,75128312.0,0.7059,0.02
ETH,2016-01-10,0.985557,1.0,0.9750989999999999,0.999231,390888.0,76097646.0,0.9691,0.02
ETH,2016-01-11,0.999216,1.07,0.999216,1.06,1011920.0,80874514.0,0.8587,0.07
ETH,2016-01-12,1.07,1.28,1.05,1.14,2898760.0,86951446.0,0.3913,0.23
ETH,2016-01-13,1.14,1.15,1.08,1.13,1005910.0,85775572.0,0.7143,0.07
ETH,2016-01-14,1.12,1.19,1.1,1.19,751961.0,90714399.0,1.0,0.09
ETH,2016-01-15,1.18,1.32,1.14,1.21,3910550.0,92149709.0,0.3889,0.18
ETH,2016-01-16,1.22,1.31,1.17,1.22,2462630.0,93117298.0,0.3571,0.14
ETH,2016-01-17,1.22,1.33,1.21,1.33,1171150.0,101329330.0,1.0,0.12
ETH,2016-01-18,1.33,1.54,1.32,1.43,4278930.0,108912542.0,0.5,0.22
ETH,2016-01-19,1.42,1.46,1.31,1.37,2446740.0,104750746.0,0.4,0.15
ETH,2016-01-20,1.36,1.62,1.35,1.53,2933220.0,117043472.0,0.6667,0.27
ETH,2016-01-21,1.53,1.59,1.49,1.55,1614960.0,118743869.0,0.6,0.1
ETH,2016-01-22,1.55,1.58,1.47,1.5,1567240.0,114784065.0,0.2727,0.11
ETH,2016-01-23,1.5,2.03,1.5,1.97,7370980.0,150874912.0,0.8868,0.53
ETH,2016-01-24,1.9,2.3,1.9,2.14,9669770.0,163819884.0,0.6,0.4
ETH,2016-01-25,2.15,2.66,2.06,2.5,10739300.0,191276220.0,0.7333,0.6
ETH,2016-01-26,2.53,2.84,1.99,2.28,13939200.0,174275656.0,0.3412,0.85
ETH,2016-01-27,2.25,2.59,2.19,2.39,6961080.0,182923580.0,0.5,0.4
ETH,2016-01-28,2.41,2.68,2.34,2.53,4903850.0,193551356.0,0.5588,0.34
ETH,2016-01-29,2.54,2.61,2.3,2.49,6662340.0,191198055.0,0.6129,0.31
ETH,2016-01-30,2.51,2.61,2.4,2.45,3725080.0,187435391.0,0.2381,0.21
ETH,2016-01-31,2.44,2.53,2.19,2.31,5847500.0,176834424.0,0.3529,0.34
ETH,2016-02-01,2.32,2.32,2.12,2.21,3994100.0,169654871.0,0.45,0.2
ETH,2016-02-02,2.22,2.45,2.16,2.44,3451270.0,187200922.0,0.9655,0.29
ETH,2016-02-03,2.43,2.54,2.34,2.53,3987750.0,194099730.0,0.95,0.2
ETH,2016-02-04,2.53,2.63,2.44,2.58,3552320.0,197953037.0,0.7368,0.19
ETH,2016-02-05,2.57,2.61,2.47,2.54,2636700.0,195018592.0,0.5,0.14
ETH,2016-02-06,2.53,2.56,2.47,2.53,1921240.0,194733892.0,0.6667,0.09
ETH,2016-02-07,2.54,3.06,2.54,2.96,7007060.0,227838892.0,0.8077,0.52
ETH,2016-02-08,2.97,3.27,2.88,3.18,9725690.0,244479014.0,0.7692,0.39
ETH,2016-02-09,3.17,4.04,3.17,4.04,17954000.0,311075408.0,1.0,0.87
ETH,2016-02-10,4.0,4.86,3.78,4.44,28640400.0,341305129.0,0.6111,1.08
ETH,2016-02-11,4.5,6.29,4.34,6.01,26408200.0,462770855.0,0.8564,1.95
ETH,2016-02-12,5.95,6.58,5.07,5.55,23360800.0,427037697.0,0.3179,1.51
ETH,2016-02-13,5.69,5.72,4.19,5.39,24218800.0,414729231.0,0.7843,1.53
ETH,2016-02-14,5.4,5.47,4.45,5.24,11226500.0,403647764.0,0.7745,1.02
ETH,2016-02-15,5.33,5.89,5.02,5.29,13934200.0,407524960.0,0.3103,0.87
ETH,2016-02-16,5.33,5.47,4.03,4.32,15889100.0,332648533.0,0.2014,1.44
ETH,2016-02-17,4.29,4.77,3.5,3.76,15451000.0,289721943.0,0.2047,1.27
ETH,2016-02-18,3.77,4.77,3.42,4.4,17054000.0,339328346.0,0.7259,1.35
ETH,2016-02-19,4.38,4.79,4.27,4.74,7666320.0,365577845.0,0.9038,0.52
ETH,2016-02-20,4.68,4.75,4.13,4.34,8631090.0,335088727.0,0.3387,0.62
ETH,2016-02-21,4.36,4.71,4.23,4.65,6413550.0,359310563.0,0.875,0.48
ETH,2016-02-22,4.66,5.65,4.64,5.62,15056200.0,433798974.0,0.9703,1.01
ETH,2016-02-23,5.68,5.95,5.39,5.59,13380600.0,431598157.0,0.3571,0.56
ETH,2016-02-24,5.6,6.24,5.51,6.24,11426500.0,481995066.0,1.0,0.73
ETH,2016-02-25,6.19,6.65,5.55,6.1,21471800.0,471975064.0,0.5,1.1
ETH,2016-02-26,6.04,6.27,5.74,5.92,9526860.0,457966535.0,0.3396,0.53
ETH,2016-02-27,5.96,6.53,5.92,6.43,8903210.0,497119698.0,0.8361,0.61
ETH,2016-02-28,6.41,6.62,6.24,6.47,9851660.0,500569665.0,0.6053,0.38
ETH,2016-02-29,6.46,6.61,6.05,6.34,7648020.0,490556570.0,0.5179,0.56
ETH,2016-03-01,6.32,7.91,6.31,7.65,23098100.0,592677993.0,0.8375,1.6
ETH,2016-03-02,7.63,8.75,7.37,8.47,29130200.0,655748796.0,0.7971,1.38
ETH,2016-03-03,8.44,10.1,8.33,9.29,40314900.0,720179291.0,0.5424,1.77
ETH,2016-03-04,9.24,10.41,8.48,10.41,35520100.0,806593727.0,1.0,1.93
ETH,2016-03-05,10.37,12.27,9.97,11.0,56439600.0,853205226.0,0.4478,2.3
ETH,2016-03-06,11.2,11.84,9.99,11.38,39112000.0,882886756.0,0.7514,1.85
ETH,2016-03-07,11.43,11.65,9.31,9.55,34085100.0,741166643.0,0.1026,2.34
ETH,2016-03-08,9.58,10.17,8.82,9.85,25524300.0,764269545.0,0.763,1.35
ETH,2016-03-09,9.79,12.05,9.67,11.9,27540500.0,923733301.0,0.937,2.38
ETH,2016-03-10,11.88,12.24,10.99,11.31,26851500.0,877988473.0,0.256,1.25
ETH,2016-03-11,11.22,11.6,10.39,11.08,21002700.0,861012043.0,0.5702,1.21
ETH,2016-03-12,11.13,13.53,11.09,13.53,48957300.0,1051728778.0,1.0,2.44
ETH,2016-03-13,13.51,15.26,13.47,14.48,43915100.0,1125287882.0,0.5642,1.79
ETH,2016-03-14,14.51,15.01,11.58,12.45,58385100.0,968384041.0,0.2536,3.43
ETH,2016-03-15,13.0,13.2,12.05,13.01,28404500.0,1012119266.0,0.8348,1.15
ETH,2016-03-16,13.02,13.73,12.5,12.52,24335500.0,974447125.0,0.0163,1.23
ETH,2016-03-17,12.56,12.64,10.44,11.08,41650600.0,865792703.0,0.2909,2.2
ETH,2016-03-18,11.11,11.18,8.52,11.0,53956800.0,859618881.0,0.9323,2.66
ETH,2016-03-19,11.2,11.2,9.78,10.53,26735700.0,823422650.0,0.5282,1.42
ETH,2016-03-20,10.52,10.9,9.57,10.32,17651100.0,807256577.0,0.5639,1.33
ETH,2016-03-21,10.3,12.01,10.16,11.86,28572600.0,928428770.0,0.9189,1.85
ETH,2016-03-22,11.88,12.03,11.18,11.27,19730300.0,883434497.0,0.1059,0.85
ETH,2016-03-23,11.33,12.43,11.24,12.42,19353200.0,973296475.0,0.9916,1.19
ETH,2016-03-24,12.44,12.5,10.8,11.23,26081800.0,881027910.0,0.2529,1.7
ETH,2016-03-25,11.26,11.37,10.53,10.74,13782000.0,842804289.0,0.25,0.84
ETH,2016-03-26,10.77,11.18,10.59,10.97,9425480.0,861261383.0,0.6441,0.59
ETH,2016-03-27,10.99,11.05,10.11,10.42,16744800.0,818048967.0,0.3298,0.94
ETH,2016-03-28,10.43,11.86,10.41,11.67,23188300.0,916272916.0,0.8690000000000001,1.45
ETH,2016-03-29,11.75,11.91,11.35,11.66,17684200.0,915917612.0,0.5536,0.56
ETH,2016-03-30,11.61,12.18,11.47,11.95,19351200.0,939593767.0,0.6761,0.71
ETH,2016-03-31,11.92,12.01,11.32,11.4,14966700.0,896764774.0,0.1159,0.69
ETH,2016-04-01,11.4,11.85,11.4,11.66,11373100.0,917590806.0,0.5778,0.45
ETH,2016-04-02,11.63,11.69,11.4,11.6,8682620.0,912861404.0,0.6897,0.29
ETH,2016-04-03,11.63,11.71,11.51,11.62,5580550.0,914757199.0,0.55,0.2
ETH,2016-04-04,11.62,11.62,11.02,11.16,9599070.0,878817015.0,0.2333,0.6
ETH,2016-04-05,11.21,11.21,10.13,10.44,20557300.0,822498173.0,0.287,1.08
ETH,2016-04-06,10.45,10.97,10.28,10.69,16997100.0,842318789.0,0.5942,0.69
ETH,2016-04-07,10.7,10.81,9.95,10.07,13464500.0,794097554.0,0.1395,0.86
ETH,2016-04-08,10.08,10.39,9.66,9.72,14660600.0,766797893.0,0.0822,0.73
ETH,2016-04-09,9.69,10.09,9.07,9.15,16194800.0,722193576.0,0.0784,1.02
ETH,2016-04-10,9.15,9.22,7.46,8.94,42613400.0,705565730.0,0.8409,1.76
ETH,2016-04-11,8.94,8.95,8.0,8.64,15138100.0,682735835.0,0.6737,0.95
ETH,2016-04-12,8.64,8.64,7.15,7.44,23190100.0,588069234.0,0.1946,1.49
ETH,2016-04-13,7.44,8.72,7.07,8.04,31403300.0,635899507.0,0.5879,1.65
ETH,2016-04-14,8.08,8.76,8.02,8.39,13590700.0,663262434.0,0.5,0.74
ETH,2016-04-15,8.39,8.62,8.1,8.24,12179000.0,652099781.0,0.2692,0.52
ETH,2016-04-16,8.24,8.65,8.11,8.61,9888460.0,681383666.0,0.9259,0.54
ETH,2016-04-17,8.62,9.7,8.56,9.31,24619600.0,737045140.0,0.6579,1.14
ETH,2016-04-18,9.33,9.51,8.5,9.04,21084100.0,715710193.0,0.5347,1.01
ETH,2016-04-19,9.08,9.31,8.6,8.71,12899100.0,690548723.0,0.1549,0.71
ETH,2016-04-20,8.69,8.83,8.31,8.47,15634700.0,671081004.0,0.3077,0.52
ETH,2016-04-21,8.45,8.72,7.96,8.1,13355400.0,642511137.0,0.1842,0.76
ETH,2016-04-22,8.15,8.27,7.67,7.82,13309300.0,620481616.0,0.25,0.6
ETH,2016-04-23,7.79,8.55,7.74,8.29,14565200.0,658310822.0,0.679,0.81
ETH,2016-04-24,8.29,8.47,7.96,8.0,10786400.0,635274078.0,0.0784,0.51
ETH,2016-04-25,8.01,8.09,7.24,7.55,18239900.0,600026226.0,0.3647,0.85
ETH,2016-04-26,7.53,7.55,7.06,7.4,17667300.0,587763650.0,0.6939,0.49
ETH,2016-04-27,7.39,7.97,7.32,7.76,19254500.0,616849026.0,0.6769,0.65
ETH,2016-04-28,7.74,7.91,7.17,7.17,11576000.0,570380061.0,0.0,0.74
ETH,2016-04-29,7.21,7.73,7.17,7.46,8762080.0,593261114.0,0.5179,0.56
ETH,2016-04-30,7.45,9.37,7.45,8.81,36573300.0,701473017.0,0.7083,1.92
ETH,2016-05-01,8.78,9.01,8.43,8.85,16713800.0,704335725.0,0.7241,0.58
ETH,2016-05-02,8.89,10.32,8.85,10.16,41019200.0,809492236.0,0.8912,1.47
ETH,2016-05-03,10.17,10.17,9.28,9.31,21463900.0,741932869.0,0.0337,0.89
ETH,2016-05-04,9.38,10.03,9.27,9.41,17622400.0,750396087.0,0.1842,0.76
ETH,2016-05-05,9.4,10.05,9.29,9.83,18296200.0,783576042.0,0.7105,0.76
ETH,2016-05-06,9.81,9.95,9.04,9.35,21510600.0,745638476.0,0.3407,0.91
ETH,2016-05-07,9.32,9.48,9.21,9.37,10806500.0,747838842.0,0.5926,0.27
ETH,2016-05-08,9.37,9.6,8.93,9.48,15031000.0,757112769.0,0.8209,0.67
ETH,2016-05-09,9.49,9.64,9.2,9.3,13085300.0,742621899.0,0.2273,0.44
ETH,2016-05-10,9.28,9.48,9.26,9.36,9321790.0,748013846.0,0.4545,0.22
ETH,2016-05-11,9.43,10.01,9.39,10.0,15267500.0,799045673.0,0.9839,0.62
ETH,2016-05-12,10.0,10.51,9.86,10.06,24137700.0,804287196.0,0.3077,0.65
ETH,2016-05-13,10.06,11.05,10.02,10.51,31276900.0,840514936.0,0.4757,1.03
ETH,2016-05-14,10.51,10.61,9.81,10.24,18808000.0,819487228.0,0.5375,0.8
ETH,2016-05-15,10.24,10.44,9.93,9.96,9218400.0,797607883.0,0.0588,0.51
ETH,2016-05-16,9.97,11.44,9.97,11.17,29079900.0,894750992.0,0.8163,1.47
ETH,2016-05-17,11.19,12.49,11.15,12.2,37198700.0,977439936.0,0.7836,1.34
ETH,2016-05-18,12.18,14.26,12.18,13.56,65389900.0,1086834954.0,0.6635,2.08
ETH,2016-05-19,13.54,14.87,13.34,14.77,53757500.0,1184385765.0,0.9346,1.53
ETH,2016-05-20,14.85,15.05,13.38,13.64,50544100.0,1093879433.0,0.1557,1.67
ETH,2016-05-21,13.69,14.05,13.12,14.02,24648400.0,1124761560.0,0.9677,0.93
ETH,2016-05-22,14.04,14.35,13.77,14.29,17938900.0,1146979484.0,0.8966,0.58
ETH,2016-05-23,14.28,14.49,13.19,13.46,23842800.0,1081207347.0,0.2077,1.3
ETH,2016-05-24,13.31,13.77,12.01,12.73,41560600.0,1023046506.0,0.4091,1.76
ETH,2016-05-25,12.79,12.9,11.77,12.53,27444700.0,1006875564.0,0.6726,1.13
ETH,2016-05-26,12.52,12.99,12.06,12.43,20764000.0,999589702.0,0.3978,0.93
ETH,2016-05-27,12.39,12.39,10.5,11.3,57496400.0,908715671.0,0.4233,1.89
ETH,2016-05-28,11.33,12.36,10.37,11.89,47274800.0,957134590.0,0.7638,1.99
ETH,2016-05-29,12.11,12.69,11.78,12.35,28598400.0,994349367.0,0.6264,0.91
ETH,2016-05-30,12.33,12.88,12.27,12.73,14733800.0,1024940354.0,0.7541,0.61
ETH,2016-05-31,12.74,14.27,12.64,14.08,42433400.0,1134278934.0,0.8834,1.63
ETH,2016-06-01,14.11,14.32,13.44,14.0,22471300.0,1128621280.0,0.6364,0.88
ETH,2016-06-02,13.99,14.05,13.63,13.74,10477200.0,1107823663.0,0.2619,0.42
ETH,2016-06-03,13.74,13.87,13.25,13.85,22981500.0,1117035879.0,0.9677,0.62
ETH,2016-06-04,13.86,13.95,13.42,13.74,15792400.0,1108902326.0,0.6038,0.53
ETH,2016-06-05,13.76,14.07,13.57,13.98,11088400.0,1128276672.0,0.82,0.5
ETH,2016-06-06,14.0,14.06,13.73,13.93,8720400.0,1125426017.0,0.6061,0.33
ETH,2016-06-07,13.95,14.51,13.81,14.51,21421600.0,1172565099.0,1.0,0.7
ETH,2016-06-08,14.51,14.78,14.28,14.42,16941800.0,1165411416.0,0.28,0.5
ETH,2016-06-09,14.43,14.57,14.34,14.4,8256830.0,1164331165.0,0.2609,0.23
ETH,2016-06-10,14.38,14.43,13.82,13.91,11312900.0,1125141726.0,0.1475,0.61
ETH,2016-06-11,13.91,14.19,13.72,14.19,12176500.0,1148494818.0,1.0,0.47
ETH,2016-06-12,14.19,15.9,14.19,15.74,38210300.0,1274609697.0,0.9064,1.71
ETH,2016-06-13,15.77,17.64,15.72,17.6,38023400.0,1425681023.0,0.9792,1.92
ETH,2016-06-14,17.61,19.27,17.3,18.89,64412200.0,1530808958.0,0.8071,1.97
ETH,2016-06-15,18.91,18.91,17.71,18.35,19393400.0,1487730475.0,0.5333,1.2
ETH,2016-06-16,18.36,20.83,18.36,20.59,38531000.0,1669490450.0,0.9028,2.47
ETH,2016-06-17,20.65,21.52,13.57,15.38,199408000.0,1247381862.0,0.2277,7.95
ETH,2016-06-18,15.38,15.38,9.96,11.33,133937000.0,919553125.0,0.2528,5.42
ETH,2016-06-19,11.17,13.18,10.64,12.23,69783600.0,993283674.0,0.626,2.54
ETH,2016-06-20,12.24,12.45,10.52,11.84,58143600.0,961613934.0,0.6839,1.93
ETH,2016-06-21,11.82,13.42,11.29,13.31,69245600.0,1081206507.0,0.9484,2.13
ETH,2016-06-22,13.2,15.79,13.1,13.1,96994096.0,1064441461.0,0.0,2.69
ETH,2016-06-23,13.22,13.79,12.56,13.68,30806400.0,1112111665.0,0.9106,1.23
ETH,2016-06-24,13.68,14.57,13.22,14.33,33332900.0,1165908840.0,0.8222,1.35
ETH,2016-06-25,14.3,14.58,14.02,14.28,15383100.0,1162367709.0,0.4643,0.56
ETH,2016-06-26,14.26,14.37,13.66,13.85,14747600.0,1127593040.0,0.2676,0.71
ETH,2016-06-27,13.81,14.12,13.75,13.88,10994700.0,1130782777.0,0.3514,0.37
ETH,2016-06-28,13.93,13.98,11.72,12.18,43436600.0,992040075.0,0.2035,2.26
ETH,2016-06-29,12.17,13.04,11.69,12.61,26982800.0,1027934140.0,0.6815,1.35
ETH,2016-06-30,12.6,12.74,12.25,12.46,15801300.0,1016130567.0,0.4286,0.49
ETH,2016-07-01,12.44,12.49,11.73,12.2,17236500.0,995164390.0,0.6184,0.76
ETH,2016-07-02,12.22,12.22,11.95,12.13,8987070.0,989751702.0,0.6667,0.27
ETH,2016-07-03,12.12,12.15,11.59,11.72,10588700.0,956815986.0,0.2321,0.56
ETH,2016-07-04,11.7,11.88,11.39,11.47,12943500.0,936840410.0,0.1633,0.49
ETH,2016-07-05,11.46,11.52,9.58,10.61,45526900.0,866971680.0,0.5309,1.94
ETH,2016-07-06,10.58,11.11,10.28,10.53,18137300.0,860571470.0,0.3012,0.83
ETH,2016-07-07,10.54,10.57,9.8,10.11,15407200.0,826607193.0,0.4026,0.77
ETH,2016-07-08,10.12,11.52,9.96,11.39,20039800.0,932056896.0,0.9167,1.56
ETH,2016-07-09,11.42,11.46,10.73,10.97,17254800.0,897316512.0,0.3288,0.73
ETH,2016-07-10,10.96,11.01,10.78,10.95,5479240.0,896201853.0,0.7391,0.23
ETH,2016-07-11,10.94,11.01,10.26,10.46,13098000.0,856538034.0,0.2667,0.75
ETH,2016-07-12,10.45,10.76,10.43,10.52,11127700.0,861548337.0,0.2727,0.33
ETH,2016-07-13,10.51,10.59,10.4,10.5,6715660.0,860607720.0,0.5263,0.19
ETH,2016-07-14,10.6,11.68,10.6,11.51,23621900.0,943973547.0,0.8426,1.08
ETH,2016-07-15,11.5,12.43,11.49,11.95,26838900.0,980299532.0,0.4894,0.94
ETH,2016-07-16,11.92,11.94,11.59,11.65,10445700.0,956165958.0,0.1714,0.35
ETH,2016-07-17,11.62,11.67,11.01,11.16,17921600.0,915977475.0,0.2273,0.66
ETH,2016-07-18,11.17,11.61,10.95,11.03,15931900.0,906133047.0,0.1212,0.66
ETH,2016-07-19,11.05,12.01,11.01,11.62,21730000.0,954516828.0,0.61,1.0
ETH,2016-07-20,11.59,12.99,11.57,12.45,60226100.0,1023222624.0,0.6197,1.42
ETH,2016-07-21,12.46,12.71,11.99,12.65,24636900.0,1040082090.0,0.9167,0.72
ETH,2016-07-22,12.66,14.81,12.54,14.66,74779504.0,1205898353.0,0.9339,2.27
ETH,2016-07-23,14.67,14.9,14.05,14.3,32489700.0,1176571490.0,0.2941,0.85
ETH,2016-07-24,14.3,14.44,12.32,12.75,77750800.0,1049423539.0,0.2028,2.12
ETH,2016-07-25,12.74,13.86,12.68,13.84,36673800.0,1139304848.0,0.9831,1.18
ETH,2016-07-26,13.82,13.85,11.73,11.99,94428800.0,987619812.0,0.1226,2.12
ETH,2016-07-27,12.05,13.31,11.84,12.97,58278800.0,1069044527.0,0.7687,1.47
ETH,2016-07-28,12.98,12.99,12.49,12.84,24603900.0,1058813509.0,0.7,0.5
ETH,2016-07-29,12.84,12.87,12.55,12.79,14082300.0,1055182413.0,0.75,0.32
ETH,2016-07-30,12.8,12.8,12.46,12.46,9047810.0,1028064459.0,0.0,0.34
ETH,2016-07-31,12.44,12.51,11.55,11.88,25441400.0,980174931.0,0.3438,0.96
ETH,2016-08-01,11.89,12.01,10.94,10.94,23999500.0,903408507.0,0.0,1.07
ETH,2016-08-02,10.95,11.14,8.2,8.79,88803296.0,725809584.0,0.2007,2.94
ETH,2016-08-03,8.88,10.42,8.88,10.29,53979400.0,850578647.0,0.9156,1.54
ETH,2016-08-04,10.31,11.29,10.16,11.04,38151400.0,912823135.0,0.7788,1.13
ETH,2016-08-05,11.02,11.18,10.76,10.93,15487900.0,903471435.0,0.4048,0.42
ETH,2016-08-06,10.92,10.94,10.29,10.88,16712600.0,900151688.0,0.9077,0.65
ETH,2016-08-07,10.86,11.09,10.78,10.91,16551000.0,903026897.0,0.4194,0.31
ETH,2016-08-08,10.91,11.33,10.86,11.25,14956700.0,931013385.0,0.8298,0.47
ETH,2016-08-09,11.27,12.45,11.2,12.24,36656600.0,1014113084.0,0.8320000000000001,1.25
ETH,2016-08-10,12.23,12.46,11.98,12.14,28096300.0,1006130318.0,0.3333,0.48
ETH,2016-08-11,12.14,12.27,11.63,11.69,17505000.0,969030731.0,0.0937,0.64
ETH,2016-08-12,11.69,12.04,11.64,11.78,13690100.0,976670290.0,0.35,0.4
ETH,2016-08-13,11.77,11.79,11.51,11.57,7539490.0,959859186.0,0.2143,0.28
ETH,2016-08-14,11.58,11.69,11.1,11.19,8680160.0,928985642.0,0.1525,0.59
ETH,2016-08-15,11.2,11.31,11.0,11.22,7500840.0,931306989.0,0.7097,0.31
ETH,2016-08-16,11.23,11.24,11.0,11.14,7051510.0,925130735.0,0.5833,0.24
ETH,2016-08-17,11.13,11.15,10.75,10.75,8833760.0,893343056.0,0.0,0.4
ETH,2016-08-18,10.75,11.01,10.74,10.76,6935800.0,893970119.0,0.0741,0.27
ETH,2016-08-19,10.75,10.8,10.73,10.75,5390850.0,893697474.0,0.2857,0.07
ETH,2016-08-20,10.75,11.3,10.75,11.25,7443540.0,935523908.0,0.9091,0.55
ETH,2016-08-21,11.25,11.25,10.99,11.18,4355660.0,930217061.0,0.7308,0.26
ETH,2016-08-22,11.19,11.34,11.07,11.12,6588920.0,925725247.0,0.1852,0.27
ETH,2016-08-23,11.14,11.23,10.9,11.03,6489380.0,918563334.0,0.3939,0.33
ETH,2016-08-24,11.02,11.15,11.01,11.04,4423420.0,919368975.0,0.2143,0.14
ETH,2016-08-25,11.03,11.39,11.02,11.36,8552380.0,946508890.0,0.9189,0.37
ETH,2016-08-26,11.35,11.45,11.21,11.3,5857850.0,941701926.0,0.375,0.24
ETH,2016-08-27,11.29,11.29,11.14,11.15,15108400.0,929789646.0,0.0667,0.15
ETH,2016-08-28,11.15,11.15,10.92,10.93,5303040.0,911883241.0,0.0435,0.23
ETH,2016-08-29,10.92,11.15,10.79,10.98,8130540.0,916781161.0,0.5278,0.36
ETH,2016-08-30,10.99,11.3,10.96,11.23,7221260.0,937596563.0,0.7941,0.34
ETH,2016-08-31,11.24,11.68,11.18,11.67,11073700.0,975003119.0,0.98,0.5
ETH,2016-09-01,11.67,12.58,11.65,11.99,24051500.0,1002322694.0,0.3656,0.93
ETH,2016-09-02,11.96,12.31,11.88,12.11,9368300.0,1012583470.0,0.5349,0.43
ETH,2016-09-03,12.11,12.36,11.35,11.76,13358800.0,983336326.0,0.4059,1.01
ETH,2016-09-04,11.75,11.79,11.47,11.68,7220550.0,977118527.0,0.6563,0.32
ETH,2016-09-05,11.68,11.81,11.59,11.72,5724100.0,980599518.0,0.5909,0.22
ETH,2016-09-06,11.73,11.73,11.47,11.69,6346330.0,978635238.0,0.8462,0.26
ETH,2016-09-07,11.69,11.73,11.52,11.55,6115050.0,967186182.0,0.1429,0.21
ETH,2016-09-08,11.55,11.7,11.25,11.35,11535000.0,950629714.0,0.2222,0.45
ETH,2016-09-09,11.41,11.68,11.39,11.65,6109200.0,976718524.0,0.8966,0.29
ETH,2016-09-10,11.66,12.22,11.54,12.17,7220300.0,1020331771.0,0.9265,0.68
ETH,2016-09-11,12.21,12.21,11.59,11.64,8791180.0,976259356.0,0.0806,0.62
ETH,2016-09-12,11.64,11.95,11.61,11.89,7478080.0,998057810.0,0.8235,0.34
ETH,2016-09-13,11.89,12.09,11.88,11.92,11704300.0,1000535934.0,0.1905,0.21
ETH,2016-09-14,11.9,12.0,11.86,11.92,5694820.0,1001301306.0,0.4286,0.14
ETH,2016-09-15,11.94,12.14,11.92,11.94,7309090.0,1002844845.0,0.0909,0.22
ETH,2016-09-16,11.96,12.75,11.9,12.56,17421500.0,1055235487.0,0.7765,0.85
ETH,2016-09-17,12.56,12.76,12.44,12.7,7446610.0,1067645133.0,0.8125,0.32
ETH,2016-09-18,12.69,12.99,12.16,12.43,22433300.0,1045462817.0,0.3253,0.83
ETH,2016-09-19,12.44,13.19,12.42,13.19,13838800.0,1109717807.0,1.0,0.77
ETH,2016-09-20,13.21,14.43,13.12,14.43,31929100.0,1214629780.0,1.0,1.31
ETH,2016-09-21,14.43,14.43,13.17,13.77,28645000.0,1159365902.0,0.4762,1.26
ETH,2016-09-22,13.66,13.66,12.48,13.25,27382800.0,1115922936.0,0.6525,1.18
ETH,2016-09-23,13.21,13.45,13.1,13.33,9166430.0,1123430818.0,0.6571,0.35
ETH,2016-09-24,13.32,13.34,12.68,12.88,9824880.0,1085651021.0,0.303,0.66
ETH,2016-09-25,12.85,13.11,12.8,13.1,5283440.0,1104901553.0,0.9677,0.31
ETH,2016-09-26,13.17,13.17,12.74,12.82,7213070.0,1081884909.0,0.18600000000000003,0.43
ETH,2016-09-27,12.86,13.21,12.86,13.1,6831070.0,1105565483.0,0.6857,0.35
ETH,2016-09-28,13.11,13.48,13.08,13.27,10239000.0,1120893441.0,0.475,0.4
ETH,2016-09-29,13.28,13.34,13.07,13.07,5990630.0,1104310043.0,0.0,0.27
ETH,2016-09-30,13.08,13.34,13.02,13.22,5950840.0,1117517388.0,0.625,0.32
ETH,2016-10-01,13.2,13.31,13.05,13.17,6331160.0,1113568557.0,0.4615,0.26
ETH,2016-10-02,13.18,13.3,13.14,13.2,4079660.0,1116323115.0,0.375,0.16
ETH,2016-10-03,13.2,13.49,13.19,13.45,7458320.0,1138142255.0,0.8667,0.3
ETH,2016-10-04,13.45,13.53,13.21,13.28,8348280.0,1123727868.0,0.2187,0.32
ETH,2016-10-05,13.28,13.35,13.04,13.04,9881370.0,1103736600.0,0.0,0.31
ETH,2016-10-06,13.03,13.14,12.69,12.85,12044800.0,1088798918.0,0.3556,0.45
ETH,2016-10-07,12.85,12.99,12.53,12.67,8933050.0,1073405275.0,0.3043,0.46
ETH,2016-10-08,12.67,12.69,12.05,12.22,11611200.0,1035883228.0,0.2656,0.64
ETH,2016-10-09,12.22,12.36,11.98,12.05,7208480.0,1022264082.0,0.1842,0.38
ETH,2016-10-10,12.06,12.06,11.62,11.76,10809200.0,997363895.0,0.3182,0.44
ETH,2016-10-11,11.76,12.16,11.75,11.79,11727700.0,1000308761.0,0.0976,0.41
ETH,2016-10-12,11.78,12.07,11.71,11.93,9694640.0,1013248317.0,0.6111,0.36
ETH,2016-10-13,11.91,12.13,11.78,11.96,8665190.0,1016169767.0,0.5143,0.35
ETH,2016-10-14,11.99,12.07,11.9,11.94,4333510.0,1014456176.0,0.2353,0.17
ETH,2016-10-15,11.94,12.0,11.78,11.98,4991840.0,1018682988.0,0.9091,0.22
ETH,2016-10-16,11.98,12.01,11.93,11.95,3617280.0,1016373308.0,0.25,0.08
ETH,2016-10-17,11.96,12.03,11.86,12.01,5724440.0,1021302744.0,0.8824,0.17
ETH,2016-10-18,12.0,12.93,12.0,12.59,18864200.0,1071362741.0,0.6344,0.93
ETH,2016-10-19,12.59,12.62,11.91,12.02,10576200.0,1023599502.0,0.1549,0.71
ETH,2016-10-20,12.05,12.29,12.0,12.1,8170760.0,1030522234.0,0.3448,0.29
ETH,2016-10-21,12.13,12.21,12.02,12.18,5676920.0,1037420190.0,0.8421,0.19
ETH,2016-10-22,12.18,12.19,11.95,12.07,7583820.0,1028949804.0,0.5,0.24
ETH,2016-10-23,12.13,12.14,11.94,12.04,5774660.0,1026301229.0,0.5,0.2
ETH,2016-10-24,12.04,12.1,11.91,11.97,5739690.0,1020971991.0,0.3158,0.19
ETH,2016-10-25,11.97,11.99,11.15,11.41,19316000.0,973991742.0,0.3095,0.84
ETH,2016-10-26,11.38,11.66,11.38,11.53,10221800.0,984429110.0,0.5357,0.28
ETH,2016-10-27,11.53,11.61,11.26,11.5,13255400.0,982033774.0,0.6857,0.35
ETH,2016-10-28,11.47,11.58,10.95,11.09,13971500.0,946972469.0,0.2222,0.63
ETH,2016-10-29,11.1,11.2,9.56,10.44,27070400.0,892565736.0,0.5366,1.64
ETH,2016-10-30,10.43,11.45,10.29,11.18,16694900.0,956007454.0,0.7672,1.16
ETH,2016-10-31,11.23,11.5,10.94,11.0,13393900.0,940578264.0,0.1071,0.56
ETH,2016-11-01,10.96,11.18,10.3,10.77,22901300.0,921057444.0,0.5341,0.88
ETH,2016-11-02,10.77,11.16,10.69,10.75,11691700.0,920236997.0,0.1277,0.47
ETH,2016-11-03,10.8,11.11,10.76,10.8,15228600.0,924716659.0,0.1143,0.35
ETH,2016-11-04,10.82,11.12,10.82,11.09,9958040.0,949862035.0,0.9,0.3
ETH,2016-11-05,11.09,11.24,10.88,11.0,5502670.0,942653972.0,0.3333,0.36
ETH,2016-11-06,10.99,11.25,10.85,10.87,5688710.0,931947467.0,0.05,0.4
ETH,2016-11-07,10.9,10.96,10.78,10.81,5992480.0,926761430.0,0.1667,0.18
ETH,2016-11-08,10.85,10.92,10.74,10.83,6258150.0,929246807.0,0.5,0.18
ETH,2016-11-09,10.82,10.83,10.22,10.66,14606600.0,914292103.0,0.7213,0.61
ETH,2016-11-10,10.67,10.68,10.51,10.52,4253980.0,903380024.0,0.0588,0.17
ETH,2016-11-11,10.51,10.57,10.26,10.29,6056300.0,883565427.0,0.0968,0.31
ETH,2016-11-12,10.29,10.34,9.7,9.88,10052500.0,848509382.0,0.2813,0.64
ETH,2016-11-13,9.89,10.41,9.84,10.1,8227770.0,868038290.0,0.4561,0.57
ETH,2016-11-14,10.1,10.16,9.96,9.97,3573250.0,856753361.0,0.05,0.2
ETH,2016-11-15,9.97,10.32,9.85,10.22,6557550.0,878653067.0,0.7872,0.47
ETH,2016-11-16,10.22,10.33,9.93,10.06,9533550.0,865349966.0,0.325,0.4
ETH,2016-11-17,10.06,10.19,9.92,9.99,6984700.0,859814328.0,0.2593,0.27
ETH,2016-11-18,9.99,10.01,9.48,9.48,10816100.0,815806832.0,0.0,0.53
ETH,2016-11-19,9.48,9.75,9.48,9.66,5186540.0,832183861.0,0.6667,0.27
ETH,2016-11-20,9.66,9.71,9.52,9.58,5173420.0,825305262.0,0.3158,0.19
ETH,2016-11-21,9.58,9.64,9.54,9.62,3663210.0,829190391.0,0.8,0.1
ETH,2016-11-22,9.63,10.24,9.59,9.91,11284400.0,854053528.0,0.4923,0.65
ETH,2016-11-23,9.92,9.96,9.76,9.84,4812310.0,849020680.0,0.4,0.2
ETH,2016-11-24,9.85,9.85,8.93,9.23,15987800.0,796538442.0,0.3261,0.92
ETH,2016-11-25,9.23,9.75,9.21,9.4,7669720.0,811553949.0,0.3519,0.54
ETH,2016-11-26,9.42,9.5,9.31,9.33,3505990.0,805474198.0,0.1053,0.19
ETH,2016-11-27,9.31,9.33,8.78,9.0,8707660.0,777313922.0,0.4,0.55
ETH,2016-11-28,9.0,9.01,8.72,8.72,6046890.0,753971438.0,0.0,0.29
ETH,2016-11-29,8.73,8.74,7.88,8.17,17000400.0,706651179.0,0.3372,0.86
ETH,2016-11-30,8.16,8.75,8.16,8.59,10626600.0,742664775.0,0.7288,0.59
ETH,2016-12-01,8.6,8.65,8.36,8.45,5882340.0,731254342.0,0.3103,0.29
ETH,2016-12-02,8.46,8.46,7.42,7.76,18579800.0,671587252.0,0.3269,1.04
ETH,2016-12-03,7.77,8.15,7.67,7.92,12112100.0,685808136.0,0.5208,0.48
ETH,2016-12-04,7.9,7.95,7.44,7.44,8450790.0,644685715.0,0.0,0.51
ETH,2016-12-05,7.41,7.64,6.66,6.82,17344500.0,591026579.0,0.1633,0.98
ETH,2016-12-06,6.8,7.92,5.98,7.87,50671200.0,682013454.0,0.9742,1.94
ETH,2016-12-07,7.89,8.54,7.33,8.38,22229600.0,726702380.0,0.8678,1.21
ETH,2016-12-08,8.38,8.86,8.23,8.23,16042700.0,713877391.0,0.0,0.63
ETH,2016-12-09,8.17,8.67,8.05,8.45,12916300.0,732836297.0,0.6452,0.62
ETH,2016-12-10,8.44,8.53,8.02,8.13,8108370.0,705254561.0,0.2157,0.51
ETH,2016-12-11,8.13,8.27,8.1,8.19,5545500.0,711457159.0,0.5294,0.17
ETH,2016-12-12,8.19,8.61,8.17,8.52,9119700.0,740255866.0,0.7955,0.44
ETH,2016-12-13,8.52,8.53,8.35,8.42,4486190.0,731892846.0,0.3889,0.18
ETH,2016-12-14,8.45,8.52,8.25,8.27,7337220.0,718460239.0,0.0741,0.27
ETH,2016-12-15,8.24,8.24,7.72,7.83,13184400.0,680740349.0,0.2115,0.52
ETH,2016-12-16,7.86,7.93,7.8,7.86,5178610.0,683575806.0,0.4615,0.13
ETH,2016-12-17,7.86,7.9,7.52,7.88,8502620.0,685426528.0,0.9474,0.38
ETH,2016-12-18,7.86,7.93,7.72,7.87,5890020.0,684696555.0,0.7143,0.21
ETH,2016-12-19,7.87,7.87,7.63,7.64,5894760.0,665654987.0,0.0417,0.24
ETH,2016-12-20,7.63,7.75,7.57,7.66,6313550.0,667309961.0,0.5,0.18
ETH,2016-12-21,7.66,7.94,7.66,7.91,9393550.0,689718972.0,0.8929,0.28
ETH,2016-12-22,7.9,7.91,7.5,7.59,16376700.0,661247899.0,0.2195,0.41
ETH,2016-12-23,7.58,7.69,7.16,7.17,19613100.0,624956487.0,0.0189,0.53
ETH,2016-12-24,7.15,7.41,7.15,7.27,7626020.0,633871896.0,0.4615,0.26
ETH,2016-12-25,7.26,7.34,7.14,7.18,8671840.0,626189631.0,0.2,0.2
ETH,2016-12-26,7.13,7.33,7.05,7.27,5836810.0,635060699.0,0.7857,0.28
ETH,2016-12-27,7.28,7.32,7.09,7.17,8778610.0,626268701.0,0.3478,0.23
ETH,2016-12-28,7.15,7.62,7.08,7.52,17453300.0,657011884.0,0.8148,0.54
ETH,2016-12-29,7.54,8.53,7.54,8.28,27543800.0,724028107.0,0.7475,0.99
ETH,2016-12-30,8.29,8.47,8.05,8.16,13909900.0,713433620.0,0.2619,0.42
ETH,2016-12-31,8.15,8.16,7.91,7.97,9066800.0,696993600.0,0.24,0.25
ETH,2017-01-01,7.98,8.47,7.98,8.17,14731700.0,715049208.0,0.3878,0.49
ETH,2017-01-02,8.17,8.44,8.05,8.38,14579600.0,733331654.0,0.8462,0.39
ETH,2017-01-03,8.37,10.0,8.32,9.73,33625200.0,851512055.0,0.8393,1.68
ETH,2017-01-04,9.71,11.28,9.56,11.25,41051200.0,985515893.0,0.9826,1.72
ETH,2017-01-05,11.29,11.89,9.4,10.25,41557400.0,898497892.0,0.3414,2.49
ETH,2017-01-06,10.29,10.63,9.63,10.25,29471800.0,898845928.0,0.62,1.0
ETH,2017-01-07,10.24,10.28,9.59,9.87,23153600.0,865194523.0,0.4058,0.69
ETH,2017-01-08,9.87,10.39,9.83,10.29,16676600.0,902576769.0,0.8214,0.56
ETH,2017-01-09,10.31,10.78,10.14,10.33,25718300.0,906044584.0,0.2969,0.64
ETH,2017-01-10,10.37,10.69,10.29,10.55,10879700.0,926031183.0,0.65,0.4
ETH,2017-01-11,10.54,10.66,9.46,9.72,26823500.0,853319722.0,0.2167,1.2
ETH,2017-01-12,9.72,10.08,9.18,9.86,30453800.0,866237622.0,0.7556,0.9
ETH,2017-01-13,9.83,9.85,9.51,9.77,25066600.0,858481082.0,0.7647,0.34
ETH,2017-01-14,9.79,9.89,9.44,9.65,20085800.0,847990590.0,0.4667,0.45
ETH,2017-01-15,9.83,10.0,9.6,9.9,14837900.0,870948977.0,0.75,0.4
ETH,2017-01-16,9.88,9.93,9.58,9.64,14937400.0,847706513.0,0.1714,0.35
ETH,2017-01-17,9.64,10.61,9.54,10.3,18391900.0,906597925.0,0.7103,1.07
ETH,2017-01-18,10.3,10.52,9.94,10.23,10788200.0,900365728.0,0.5,0.58
ETH,2017-01-19,10.24,10.44,10.18,10.4,8347550.0,915611849.0,0.8462,0.26
ETH,2017-01-20,10.39,10.76,10.35,10.6,10992800.0,933854252.0,0.6098,0.41
ETH,2017-01-21,10.6,10.98,10.58,10.91,11937600.0,961383820.0,0.825,0.4
ETH,2017-01-22,10.91,10.97,10.58,10.7,8678620.0,943567856.0,0.3077,0.39
ETH,2017-01-23,10.71,10.84,10.67,10.82,7267210.0,954275900.0,0.8824,0.17
ETH,2017-01-24,10.73,10.77,10.57,10.63,8327330.0,938004330.0,0.3,0.2
ETH,2017-01-25,10.62,10.62,10.48,10.57,6751450.0,932866678.0,0.6429,0.14
ETH,2017-01-26,10.57,10.67,10.51,10.59,8465020.0,934844928.0,0.5,0.16
ETH,2017-01-27,10.58,10.61,10.44,10.54,7189170.0,930599699.0,0.5882,0.17
ETH,2017-01-28,10.54,10.58,10.43,10.56,6580700.0,933378690.0,0.8667,0.15
ETH,2017-01-29,10.56,10.57,10.45,10.48,4689950.0,926548657.0,0.25,0.12
ETH,2017-01-30,10.49,10.71,10.47,10.57,8042180.0,934593362.0,0.4167,0.24
ETH,2017-01-31,10.56,10.75,10.55,10.73,11648700.0,948748952.0,0.9,0.2
ETH,2017-02-01,10.74,10.85,10.56,10.73,12852200.0,949491718.0,0.5862,0.29
ETH,2017-02-02,10.74,10.89,10.55,10.82,10172500.0,957731836.0,0.7941,0.34
ETH,2017-02-03,10.81,11.11,10.76,11.11,12897800.0,984019776.0,1.0,0.35
ETH,2017-02-04,11.13,11.5,11.13,11.43,14139500.0,1012625893.0,0.8108,0.37
ETH,2017-02-05,11.44,11.49,11.32,11.35,5942960.0,1005855021.0,0.1765,0.17
ETH,2017-02-06,11.35,11.48,11.34,11.39,5695440.0,1009440330.0,0.3571,0.14
ETH,2017-02-07,11.43,11.61,11.41,11.52,7629640.0,1020961130.0,0.55,0.2
ETH,2017-02-08,11.54,11.63,11.24,11.43,9688630.0,1013867331.0,0.4872,0.39
ETH,2017-02-09,11.44,11.6,10.67,11.03,18400300.0,978825690.0,0.3871,0.93
ETH,2017-02-10,11.05,11.34,10.78,11.28,11914200.0,1001069228.0,0.8929,0.56
ETH,2017-02-11,11.29,11.43,11.24,11.35,7544520.0,1007694076.0,0.5789,0.19
ETH,2017-02-12,11.35,11.4,11.3,11.4,6264900.0,1012466457.0,1.0,0.1
ETH,2017-02-13,11.38,11.39,11.17,11.27,7216520.0,1001304093.0,0.4545,0.22
ETH,2017-02-14,11.29,13.33,11.29,13.03,42911500.0,1157709435.0,0.8529,2.04
ETH,2017-02-15,13.04,13.04,12.64,12.92,18464700.0,1148742628.0,0.7,0.4
ETH,2017-02-16,12.92,12.92,12.54,12.9,38002600.0,1147726668.0,0.9474,0.38
ETH,2017-02-17,12.9,12.91,12.66,12.68,11636500.0,1127915204.0,0.08,0.25
ETH,2017-02-18,12.71,12.83,12.68,12.81,9370010.0,1140211197.0,0.8667,0.15
ETH,2017-02-19,12.82,12.87,12.71,12.76,7799740.0,1136008890.0,0.3125,0.16
ETH,2017-02-20,12.77,12.9,12.43,12.43,12994400.0,1107158285.0,0.0,0.47
ETH,2017-02-21,12.34,12.77,12.21,12.67,15183300.0,1128781640.0,0.8214,0.56
ETH,2017-02-22,12.69,12.76,12.55,12.6,10360900.0,1123050433.0,0.2381,0.21
ETH,2017-02-23,12.6,13.21,12.56,13.12,14522300.0,1169783161.0,0.8615,0.65
ETH,2017-02-24,13.13,13.23,12.88,13.07,19574400.0,1165715765.0,0.5429,0.35
ETH,2017-02-25,13.06,13.72,12.98,13.55,18533900.0,1208911983.0,0.7703,0.74
ETH,2017-02-26,13.52,14.54,13.4,14.52,20307500.0,1296040794.0,0.9825,1.14
ETH,2017-02-27,14.51,15.68,14.27,15.4,31667000.0,1374757041.0,0.8014,1.41
ETH,2017-02-28,15.45,16.06,15.12,15.82,65478900.0,1412825288.0,0.7447,0.94
ETH,2017-03-01,15.85,17.37,15.56,17.35,44927500.0,1550251865.0,0.9890000000000001,1.81
ETH,2017-03-02,17.36,19.35,16.95,19.03,83627104.0,1701011948.0,0.8667,2.4
ETH,2017-03-03,19.04,20.67,18.41,19.46,95863400.0,1739949803.0,0.4646,2.26
ETH,2017-03-04,19.52,20.06,18.62,18.62,27341900.0,1665411583.0,0.0,1.44
ETH,2017-03-05,18.5,19.42,18.23,19.3,26816300.0,1727148626.0,0.8992,1.19
ETH,2017-03-06,19.28,20.1,19.11,19.61,32432700.0,1754907794.0,0.5051,0.99
ETH,2017-03-07,19.58,19.63,18.64,18.89,37972200.0,1691307055.0,0.2525,0.99
ETH,2017-03-08,18.88,18.88,16.65,16.65,44304600.0,1491498830.0,0.0,2.23
ETH,2017-03-09,16.64,17.87,16.37,17.75,31418400.0,1590879625.0,0.92,1.5
ETH,2017-03-10,17.74,19.66,17.68,19.33,87506800.0,1732837145.0,0.8333,1.98
ETH,2017-03-11,19.37,21.59,19.01,21.47,69150096.0,1925342939.0,0.9535,2.58
ETH,2017-03-12,21.46,23.44,21.38,23.44,74628896.0,2102276260.0,1.0,2.06
ETH,2017-03-13,23.5,30.6,23.5,28.59,255488000.0,2565583285.0,0.7169,7.1
ETH,2017-03-14,28.57,29.93,27.32,28.65,101797000.0,2572014998.0,0.5096,2.61
ETH,2017-03-15,28.65,35.06,28.43,35.06,170344000.0,3147689118.0,1.0,6.63
ETH,2017-03-16,35.36,47.17,35.36,46.35,454417984.0,4162873752.0,0.9306,11.81
ETH,2017-03-17,45.93,55.11,38.21,46.83,497534016.0,4207676009.0,0.5101,16.9
ETH,2017-03-18,46.87,46.87,31.7,34.16,262180000.0,3070500515.0,0.1622,15.17
ETH,2017-03-19,35.53,47.0,35.34,44.74,239430000.0,4022867100.0,0.8062,11.66
ETH,2017-03-20,44.83,46.23,42.44,43.39,154700992.0,3902862599.0,0.2507,3.79
ETH,2017-03-21,43.51,44.26,42.37,43.15,91265400.0,3882154700.0,0.4127,1.89
ETH,2017-03-22,43.12,43.52,39.69,42.34,113952000.0,3811229796.0,0.6919,3.83
ETH,2017-03-23,42.57,44.75,41.3,43.68,100724000.0,3932863932.0,0.6899,3.45
ETH,2017-03-24,43.64,54.14,43.21,53.11,297046016.0,4783511280.0,0.9058,10.93
ETH,2017-03-25,53.58,53.58,48.31,51.25,223059008.0,4617794703.0,0.5579,5.27
ETH,2017-03-26,50.77,51.8,49.28,50.52,106859000.0,4553738462.0,0.4921,2.52
ETH,2017-03-27,51.31,52.46,48.93,49.67,118978000.0,4478238274.0,0.2096,3.53
ETH,2017-03-28,49.71,50.96,49.15,50.77,97745296.0,4579693493.0,0.895,1.81
ETH,2017-03-29,50.57,53.87,50.55,53.13,144998000.0,4793424049.0,0.7771,3.32
ETH,2017-03-30,53.12,53.31,51.87,52.21,86885696.0,4711996588.0,0.2361,1.44
ETH,2017-03-31,51.75,51.77,47.38,50.04,151416000.0,4517835716.0,0.6059,4.39
ETH,2017-04-01,50.03,51.93,48.88,50.7,92461904.0,4579187936.0,0.5967,3.05
ETH,2017-04-02,50.74,51.27,45.43,48.75,134604000.0,4404475423.0,0.5685,5.84
ETH,2017-04-03,48.82,48.82,43.41,44.36,190512992.0,4009009196.0,0.1756,5.41
ETH,2017-04-04,43.92,45.74,41.72,44.64,157568000.0,4036201194.0,0.7264,4.02
ETH,2017-04-05,44.66,47.84,44.54,45.3,119733000.0,4097477788.0,0.2303,3.3
ETH,2017-04-06,45.22,45.64,40.9,43.24,147120000.0,3912317959.0,0.4937,4.74
ETH,2017-04-07,42.87,44.04,41.65,42.16,81474704.0,3815963046.0,0.2134,2.39
ETH,2017-04-08,41.8,45.21,41.73,44.31,74138800.0,4011422381.0,0.7414,3.48
ETH,2017-04-09,44.28,44.49,42.89,43.27,55143000.0,3918563431.0,0.2375,1.6
ETH,2017-04-10,43.28,44.14,42.42,43.44,44061500.0,3935103268.0,0.593,1.72
ETH,2017-04-11,43.5,44.25,43.3,43.41,38303300.0,3933886291.0,0.1158,0.95
ETH,2017-04-12,43.46,47.23,43.11,46.29,88045696.0,4196302994.0,0.7718,4.12
ETH,2017-04-13,46.31,50.91,46.31,50.22,157200000.0,4554299452.0,0.85,4.6
ETH,2017-04-14,49.97,50.05,46.76,47.57,91674400.0,4315878957.0,0.2462,3.29
ETH,2017-04-15,47.65,49.57,47.18,49.1,66207800.0,4455916490.0,0.8033,2.39
ETH,2017-04-16,49.04,49.14,48.19,48.72,31343800.0,4422644315.0,0.5579,0.95
ETH,2017-04-17,48.66,48.75,48.05,48.3,44013300.0,4386552041.0,0.3571,0.7
ETH,2017-04-18,48.32,51.03,48.3,50.71,78748496.0,4606307174.0,0.8828,2.73
ETH,2017-04-19,50.73,50.95,47.26,48.31,76281000.0,4389519738.0,0.2846,3.69
ETH,2017-04-20,48.13,49.99,48.13,49.67,79600896.0,4515241563.0,0.828,1.86
ETH,2017-04-21,49.64,49.66,48.14,48.22,45048300.0,4385105012.0,0.0526,1.52
ETH,2017-04-22,48.18,48.74,48.17,48.55,37357600.0,4416442028.0,0.6667,0.57
ETH,2017-04-23,48.59,48.89,48.17,48.49,36234000.0,4412126295.0,0.4444,0.72
ETH,2017-04-24,48.87,50.18,48.87,50.03,55580600.0,4553943109.0,0.8855,1.31
ETH,2017-04-25,50.07,50.3,49.81,49.89,38264600.0,4542708761.0,0.1633,0.49
ETH,2017-04-26,49.91,53.44,49.91,52.72,104884000.0,4801851008.0,0.7959999999999999,3.53
ETH,2017-04-27,52.81,62.17,52.29,62.17,246775008.0,5664157655.0,1.0,9.88
ETH,2017-04-28,62.23,70.85,62.13,70.16,346545984.0,6394355247.0,0.9209,8.72
ETH,2017-04-29,71.39,71.9,66.78,68.38,165448000.0,6233911088.0,0.3125,5.12
ETH,2017-04-30,68.54,79.02,68.35,79.02,229944992.0,7206669917.0,1.0,10.67
ETH,2017-05-01,79.32,82.52,73.09,76.3,376841984.0,6960466482.0,0.3404,9.43
ETH,2017-05-02,76.65,79.35,74.38,77.26,193772992.0,7050941746.0,0.5795,4.97
ETH,2017-05-03,77.25,80.1,75.76,79.72,141922000.0,7277279246.0,0.9124,4.34
ETH,2017-05-04,79.72,97.56,79.43,96.98,366847008.0,8856050446.0,0.968,18.13
ETH,2017-05-05,96.73,103.23,92.22,94.4,331928000.0,8622992171.0,0.198,11.01
ETH,2017-05-06,94.91,97.88,90.95,97.81,151462000.0,8937843151.0,0.9899,6.93
ETH,2017-05-07,97.87,98.24,89.87,94.01,183295008.0,8592854298.0,0.4946,8.37
ETH,2017-05-08,93.75,95.14,89.51,91.42,231344000.0,8359085414.0,0.3393,5.63
ETH,2017-05-09,91.23,93.06,80.39,91.16,363433984.0,8338258352.0,0.85,12.67
ETH,2017-05-10,91.15,92.85,85.29,89.52,145602000.0,8191083680.0,0.5595,7.56
ETH,2017-05-11,89.77,102.55,88.48,89.88,132722000.0,8226220249.0,0.0995,14.07
ETH,2017-05-12,89.43,93.12,88.66,88.66,145824992.0,8116816184.0,0.0,4.46
ETH,2017-05-13,88.69,93.81,86.66,90.84,88742200.0,8319066651.0,0.5846,7.15
ETH,2017-05-14,90.87,91.25,89.61,90.79,66046600.0,8317148601.0,0.7195,1.64
ETH,2017-05-15,90.78,95.43,86.83,92.41,170999008.0,8468960166.0,0.6488,8.6
ETH,2017-05-16,92.39,93.56,89.12,89.44,152284992.0,8198722531.0,0.0721,4.44
ETH,2017-05-17,89.25,91.27,84.43,89.86,183031008.0,8239948169.0,0.7939,6.84
ETH,2017-05-18,89.84,97.37,89.84,96.91,196236992.0,8888797357.0,0.9389,7.53
ETH,2017-05-19,97.05,133.56,97.05,129.53,626945024.0,11884632930.0,0.8896,36.51
ETH,2017-05-20,129.22,133.64,124.7,126.52,331455008.0,11612447946.0,0.2036,8.94
ETH,2017-05-21,127.54,159.03,125.89,157.94,570361024.0,14500421529.0,0.9671,33.14
ETH,2017-05-22,158.17,201.75,152.47,174.26,1188909952.0,16004156112.0,0.4422,49.28
ETH,2017-05-23,170.82,183.55,169.93,181.95,530708992.0,16715702521.0,0.8825,13.62
ETH,2017-05-24,182.65,228.37,182.45,190.05,561014016.0,17464735543.0,0.1655,45.92
ETH,2017-05-25,189.85,210.98,170.51,174.45,943636992.0,16036165877.0,0.0974,40.47
ETH,2017-05-26,175.22,193.69,150.28,160.4,792457984.0,14749889600.0,0.2331,43.41
ETH,2017-05-27,159.82,166.95,120.44,157.76,1217059968.0,14511207045.0,0.8024,46.51
ETH,2017-05-28,158.82,179.93,157.6,170.51,717971008.0,15689192548.0,0.5781,22.33
ETH,2017-05-29,170.13,197.13,164.53,194.91,718828032.0,17939882189.0,0.9319,32.6
ETH,2017-05-30,195.61,233.71,189.29,231.91,1586669952.0,21352550184.0,0.9595,44.42
ETH,2017-05-31,231.58,236.96,215.57,230.67,1271600000.0,21244817139.0,0.7059,21.39
ETH,2017-06-01,230.89,236.22,214.48,222.24,812924032.0,20474652879.0,0.3569,21.74
ETH,2017-06-02,222.29,229.41,219.58,223.77,469532000.0,20622162299.0,0.4262,9.83
ETH,2017-06-03,223.46,225.97,219.42,224.38,427896000.0,20683715605.0,0.7573,6.55
ETH,2017-06-04,224.12,250.41,223.98,245.33,753820032.0,22622207553.0,0.8078,26.43
ETH,2017-06-05,245.26,249.47,243.05,248.46,435660000.0,22917910489.0,0.8427,6.42
ETH,2017-06-06,248.6,267.51,246.84,264.47,741553024.0,24401181121.0,0.8529,20.67
ETH,2017-06-07,264.26,264.67,254.04,258.07,461648992.0,23818300202.0,0.3791,10.63
ETH,2017-06-08,257.99,262.25,253.98,261.67,385494016.0,24157329921.0,0.9299,8.27
ETH,2017-06-09,261.75,282.76,261.75,281.74,557985984.0,26018098658.0,0.9515,21.01
ETH,2017-06-10,282.01,350.26,282.01,337.67,1611629952.0,31192780483.0,0.8155,68.25
ETH,2017-06-11,338.79,353.01,318.17,340.61,1373219968.0,31473965821.0,0.6441,34.84
ETH,2017-06-12,341.16,414.76,341.16,401.49,2882650112.0,37110948644.0,0.8197,73.6
ETH,2017-06-13,395.69,411.18,370.06,397.54,1717379968.0,36756801123.0,0.6683,41.12
ETH,2017-06-14,397.59,399.32,342.21,359.05,1272579968.0,33208658542.0,0.2949,57.11
ETH,2017-06-15,358.51,364.44,300.7,361.93,2463450112.0,33485258152.0,0.9606,63.74
ETH,2017-06-16,361.18,373.05,341.42,370.23,1096280064.0,34263095462.0,0.9108,31.63
ETH,2017-06-17,369.88,379.41,364.0,379.41,904652992.0,35124053707.0,1.0,15.41
ETH,2017-06-18,379.52,390.58,368.84,371.46,904702976.0,34398150201.0,0.1205,21.74
ETH,2017-06-19,371.86,377.11,369.76,370.06,685171968.0,34278915230.0,0.0408,7.35
ETH,2017-06-20,370.33,377.97,350.94,359.01,1020390016.0,33260958885.0,0.2986,27.03
ETH,2017-06-21,359.54,361.34,319.48,336.87,1420130048.0,31222823000.0,0.4154,41.86
ETH,2017-06-22,337.73,342.03,330.62,336.37,925766976.0,31185326164.0,0.5039,11.41
ETH,2017-06-23,336.48,348.01,334.99,341.74,593206976.0,31691908924.0,0.5184,13.02
ETH,2017-06-24,341.63,343.62,322.09,323.7,673585024.0,30027238696.0,0.0748,21.53
ETH,2017-06-25,323.47,332.79,284.65,303.25,1186880000.0,28138409364.0,0.3864,48.14
ETH,2017-06-26,302.95,311.46,238.65,272.69,2081810048.0,25309759968.0,0.4675,72.81
ETH,2017-06-27,272.69,293.09,227.14,293.09,1973869952.0,27211279055.0,1.0,65.95
ETH,2017-06-28,293.04,333.1,276.41,327.93,2056550016.0,30454577323.0,0.9088,56.69
ETH,2017-06-29,328.37,330.71,297.37,302.88,1508579968.0,28136918558.0,0.1653,33.34
ETH,2017-06-30,303.15,315.17,288.44,294.92,1011800000.0,27404731861.0,0.2424,26.73
ETH,2017-07-01,293.35,293.75,268.62,274.6,1089200000.0,25524313603.0,0.23800000000000002,25.13
ETH,2017-07-02,275.12,295.51,262.52,287.99,1123330048.0,26776243984.0,0.7721,32.99
ETH,2017-07-03,288.41,291.1,281.18,282.9,851408000.0,26310761677.0,0.1734,9.92
ETH,2017-07-04,282.19,287.39,273.11,273.3,687691008.0,25425860777.0,0.0133,14.28
ETH,2017-07-05,273.1,275.13,261.45,268.77,790256000.0,25011710285.0,0.5351,13.68
ETH,2017-07-06,268.86,278.48,265.51,270.55,623080000.0,25179348911.0,0.3886,12.97
ETH,2017-07-07,270.35,273.94,244.17,245.99,687251968.0,22900134646.0,0.0611,29.77
ETH,2017-07-08,245.89,273.48,236.55,251.7,754958016.0,23443013086.0,0.4102,36.93
ETH,2017-07-09,251.82,255.1,242.14,242.14,505118016.0,22559120946.0,0.0,12.96
ETH,2017-07-10,243.01,243.07,196.96,215.36,937219008.0,20069373698.0,0.39899999999999997,46.11
ETH,2017-07-11,211.52,220.29,183.39,197.4,1440950016.0,18401040701.0,0.3797,36.9
ETH,2017-07-12,197.15,230.77,189.59,230.77,1241190016.0,21517152174.0,1.0,41.18
ETH,2017-07-13,231.81,231.81,200.07,209.73,828489024.0,19560300930.0,0.3043,31.74
ETH,2017-07-14,209.53,211.1,187.37,199.66,749382016.0,18625794688.0,0.5179,23.73
ETH,2017-07-15,199.71,200.16,170.65,170.65,810451968.0,15923953593.0,0.0,29.51
ETH,2017-07-16,169.57,172.01,133.72,157.36,1516889984.0,14687441605.0,0.6174,38.29
ETH,2017-07-17,159.99,194.75,158.04,193.42,1669500032.0,18057735704.0,0.9638,36.71
ETH,2017-07-18,195.03,267.99,182.06,234.39,2709260032.0,21887962776.0,0.609,85.93
ETH,2017-07-19,234.94,245.65,191.74,199.7,2328790016.0,18653610729.0,0.1477,53.91
ETH,2017-07-20,205.42,233.9,203.22,227.26,2224999936.0,21233651866.0,0.7836,30.68
ETH,2017-07-21,226.06,235.12,213.01,218.3,1006129984.0,20401709506.0,0.2393,22.11
ETH,2017-07-22,217.86,232.7,216.87,229.48,618259968.0,21451273566.0,0.7966,15.83
ETH,2017-07-23,229.12,231.68,217.72,225.95,649614976.0,21127295409.0,0.5895,13.96
ETH,2017-07-24,226.29,227.54,222.45,224.71,431691008.0,21016755177.0,0.444,5.09
ETH,2017-07-25,224.37,225.32,195.85,206.71,1095760000.0,19338262506.0,0.3685,29.47
ETH,2017-07-26,207.09,210.77,194.78,203.95,717692032.0,19085332800.0,0.5735,15.99
ETH,2017-07-27,204.86,206.44,201.26,204.32,393283008.0,19124468250.0,0.5907,5.18
ETH,2017-07-28,204.32,204.9,192.3,193.12,562571008.0,18081289103.0,0.0651,12.6
ETH,2017-07-29,193.34,208.68,179.65,205.79,824355008.0,19272280500.0,0.9004,29.03
ETH,2017-07-30,206.74,208.54,196.15,197.98,596233984.0,18545669554.0,0.1477,12.39
ETH,2017-07-31,197.4,203.87,193.41,203.87,569414016.0,19102596755.0,1.0,10.46
ETH,2017-08-01,204.69,227.74,204.69,226.77,1585330048.0,21252988047.0,0.9579,23.05
ETH,2017-08-02,227.01,229.51,218.12,219.95,632606016.0,20618746852.0,0.1607,11.39
ETH,2017-08-03,220.18,228.29,219.89,225.34,557217024.0,21128736918.0,0.6488,8.4
ETH,2017-08-04,225.31,227.62,222.06,223.07,539782976.0,20920682038.0,0.1817,5.56
ETH,2017-08-05,222.85,256.51,221.95,256.51,1332999936.0,24061766194.0,1.0,34.56
ETH,2017-08-06,256.42,271.05,252.85,261.57,1482979968.0,24541904159.0,0.4791,18.2
ETH,2017-08-07,261.24,271.96,256.69,269.18,935726976.0,25262099071.0,0.8179,15.27
ETH,2017-08-08,269.1,298.91,266.8,296.77,1502409984.0,27857712299.0,0.9334,32.11
ETH,2017-08-09,297.63,318.72,276.69,296.03,2638579968.0,27794475648.0,0.4601,42.03
ETH,2017-08-10,296.96,306.59,289.93,295.89,1076819968.0,27788165832.0,0.3577,16.66
ETH,2017-08-11,294.49,309.21,294.49,308.86,953576000.0,29013166489.0,0.9762,14.72
ETH,2017-08-12,308.71,317.56,307.9,310.6,1111650048.0,29183139234.0,0.2795,9.66
ETH,2017-08-13,310.37,310.82,289.31,298.06,1369369984.0,28011760531.0,0.4068,21.51
ETH,2017-08-14,298.03,306.81,296.41,300.1,864390976.0,28209451117.0,0.3548,10.4
ETH,2017-08-15,299.95,300.41,279.33,289.82,1051800000.0,27249639651.0,0.4976,21.08
ETH,2017-08-16,289.82,303.41,285.39,302.27,967643008.0,28426961863.0,0.9367,18.02
ETH,2017-08-17,302.8,311.03,300.25,301.46,909494016.0,28357573570.0,0.1122,10.78
ETH,2017-08-18,301.7,307.96,292.5,295.59,936160000.0,27812276026.0,0.1999,15.46
ETH,2017-08-19,296.18,301.67,286.18,297.47,860201984.0,27995885731.0,0.7289,15.49
ETH,2017-08-20,296.64,301.43,291.58,301.43,571947008.0,28375046491.0,1.0,9.85
ETH,2017-08-21,300.48,347.05,297.23,321.59,2448969984.0,30280406340.0,0.489,49.82
ETH,2017-08-22,321.05,327.36,297.91,314.79,1336400000.0,29646659314.0,0.5732,29.45
ETH,2017-08-23,315.27,324.21,314.54,317.52,811990016.0,29911326162.0,0.3082,9.67
ETH,2017-08-24,317.45,327.96,317.08,325.61,697665024.0,30680964300.0,0.784,10.88
ETH,2017-08-25,326.11,336.4,325.8,331.92,760329024.0,31281210162.0,0.5774,10.6
ETH,2017-08-26,331.99,334.98,327.92,333.88,514180992.0,31472781162.0,0.8442,7.06
ETH,2017-08-27,334.36,347.89,334.36,347.89,633369984.0,32799991739.0,1.0,13.53
ETH,2017-08-28,350.04,352.05,338.41,347.75,854318976.0,32792635350.0,0.6848,13.64
ETH,2017-08-29,347.96,373.76,347.79,370.67,1220029952.0,34961063278.0,0.8809999999999999,25.97
ETH,2017-08-30,369.47,388.75,361.97,378.48,1333319936.0,35705639885.0,0.6165,26.78
ETH,2017-08-31,378.44,386.14,376.35,383.04,706254016.0,36142706814.0,0.6834,9.79
ETH,2017-09-01,383.47,390.04,383.47,387.74,874222016.0,36593410761.0,0.6499,6.57
ETH,2017-09-02,387.82,389.35,328.1,348.98,1483600000.0,32942250738.0,0.3409,61.25
ETH,2017-09-03,350.23,366.49,332.23,347.48,986265984.0,32807142041.0,0.4451,34.26
ETH,2017-09-04,347.13,347.13,279.94,295.17,1801689984.0,27873682151.0,0.2267,67.19
ETH,2017-09-05,297.57,318.57,268.29,312.99,1551049984.0,29562162666.0,0.889,50.28
ETH,2017-09-06,313.8,334.66,313.49,334.34,1058830016.0,31584914370.0,0.9849,21.17
ETH,2017-09-07,333.52,333.52,319.94,329.43,718624000.0,31127463390.0,0.6988,13.58
ETH,2017-09-08,329.64,329.64,285.16,296.5,1098780032.0,28021550341.0,0.2549,44.48
ETH,2017-09-09,296.17,299.89,287.22,294.4,528620992.0,27829435118.0,0.5667,12.67
ETH,2017-09-10,294.06,294.76,268.97,288.75,698326016.0,27300089799.0,0.767,25.79
ETH,2017-09-11,289.74,300.69,286.68,294.53,571307008.0,27852586150.0,0.5603,14.01
ETH,2017-09-12,294.63,311.2,287.23,291.46,753144000.0,27568017613.0,0.1765,23.97
ETH,2017-09-13,291.12,291.12,260.61,277.11,921692032.0,26215830135.0,0.5408,30.51
ETH,2017-09-14,276.59,280.84,213.91,213.91,1184589952.0,20240633669.0,0.0,66.93
ETH,2017-09-15,215.22,258.65,195.04,250.46,1935699968.0,23704566170.0,0.8712,63.61
ETH,2017-09-16,250.87,262.59,238.22,246.52,711737024.0,23336257868.0,0.3406,24.37
ETH,2017-09-17,245.85,257.0,235.24,251.75,427452000.0,23835888183.0,0.7587,21.76
ETH,2017-09-18,252.23,293.5,252.23,293.5,1127750016.0,27794233413.0,1.0,41.27
ETH,2017-09-19,293.66,295.77,274.48,282.8,646908992.0,26787085258.0,0.3908,21.29
ETH,2017-09-20,282.02,290.89,278.05,283.74,421404000.0,26881372918.0,0.4431,12.84
ETH,2017-09-21,283.26,286.61,255.02,258.58,601265984.0,24502550354.0,0.1127,31.59
ETH,2017-09-22,258.11,270.54,256.22,264.31,430080992.0,25049676632.0,0.5649,14.32
ETH,2017-09-23,264.6,286.17,261.12,286.17,450934016.0,27125537826.0,1.0,25.05
ETH,2017-09-24,286.21,292.95,278.13,282.48,571411008.0,26780610986.0,0.2935,14.82
ETH,2017-09-25,282.22,293.52,281.88,292.33,483160992.0,27718684465.0,0.8978,11.64
ETH,2017-09-26,292.35,293.75,287.02,287.44,345800992.0,27259015800.0,0.0624,6.73
ETH,2017-09-27,287.02,308.02,286.82,306.47,550243968.0,29068342956.0,0.9269,21.2
ETH,2017-09-28,306.47,307.2,295.47,299.15,501894016.0,28379292201.0,0.3137,11.73
ETH,2017-09-29,299.12,299.92,279.77,291.47,541374976.0,27654290280.0,0.5806,20.15
ETH,2017-09-30,291.48,303.96,291.11,301.46,332439008.0,28607406298.0,0.8054,12.85
ETH,2017-10-01,301.55,303.19,295.06,302.34,306184992.0,28694730559.0,0.8954,8.13
ETH,2017-10-02,302.48,302.92,294.58,297.48,339443008.0,28237763674.0,0.3477,8.34
ETH,2017-10-03,297.48,300.11,288.13,292.46,321680000.0,27766443809.0,0.3614,11.98
ETH,2017-10-04,292.75,299.39,290.89,292.66,257906000.0,27789444567.0,0.2082,8.5
ETH,2017-10-05,292.77,298.04,288.84,295.86,253747008.0,28098336333.0,0.763,9.2
ETH,2017-10-06,295.15,308.84,294.95,308.59,318664000.0,29311483315.0,0.982,13.89
ETH,2017-10-07,308.89,313.13,304.98,311.12,342204992.0,29557048403.0,0.7534,8.15
ETH,2017-10-08,311.06,312.54,308.03,308.61,293167008.0,29322710612.0,0.1286,4.51
ETH,2017-10-09,308.67,309.31,288.18,297.39,559467008.0,28261533648.0,0.4359,21.13
ETH,2017-10-10,297.6,306.15,293.17,299.87,359705984.0,28501667385.0,0.5162,12.98
ETH,2017-10-11,301.18,304.39,299.1,303.46,264146000.0,28847211568.0,0.8242,5.29
ETH,2017-10-12,303.5,309.15,303.29,304.14,527556992.0,28916525240.0,0.1451,5.86
ETH,2017-10-13,304.08,348.6,299.66,338.76,1304359936.0,32213441854.0,0.7989,48.94
ETH,2017-10-14,338.85,347.98,334.7,339.63,516561984.0,32301459659.0,0.3712,13.28
ETH,2017-10-15,339.53,342.72,320.43,336.6,635406976.0,32018244067.0,0.7254,22.29
ETH,2017-10-16,336.71,349.35,332.04,333.38,692884992.0,31718200756.0,0.0774,17.31
ETH,2017-10-17,333.48,333.48,311.79,317.08,509924000.0,30173609812.0,0.2439,21.69
ETH,2017-10-18,316.94,317.24,290.64,314.32,606113984.0,29917084625.0,0.8902,26.6
ETH,2017-10-19,314.54,316.71,305.83,308.09,349830016.0,29330304837.0,0.2077,10.88
ETH,2017-10-20,308.05,311.44,303.49,304.01,396672992.0,28947916800.0,0.0654,7.95
ETH,2017-10-21,303.57,303.93,291.77,300.19,408014016.0,28590314194.0,0.6924,12.16
ETH,2017-10-22,300.55,305.5,292.81,295.45,327387008.0,28144794782.0,0.20800000000000002,12.69
ETH,2017-10-23,295.1,295.75,277.58,286.95,482336000.0,27341319876.0,0.5157,18.17
ETH,2017-10-24,287.12,311.96,282.66,298.33,684281024.0,28431576038.0,0.5348,29.3
ETH,2017-10-25,298.44,301.85,290.72,297.92,325040000.0,28399185652.0,0.6469,11.13
ETH,2017-10-26,298.02,301.07,295.22,296.53,270272992.0,28271925666.0,0.2239,5.85
ETH,2017-10-27,296.51,299.26,294.06,297.42,257168992.0,28363439564.0,0.6462,5.2
ETH,2017-10-28,297.92,300.36,293.58,296.3,264424000.0,28262202960.0,0.4012,6.78
ETH,2017-10-29,296.38,313.76,296.38,305.09,551752000.0,29106827254.0,0.5012,17.38
ETH,2017-10-30,304.78,310.5,304.35,307.75,331441984.0,29367079933.0,0.5528,6.15
ETH,2017-10-31,307.38,310.55,305.88,305.88,369583008.0,29194751985.0,0.0,4.67
ETH,2017-11-01,305.76,306.4,290.58,291.69,553864000.0,27846764494.0,0.0702,15.82
ETH,2017-11-02,290.73,293.91,281.17,287.43,904900992.0,27445442368.0,0.4914,12.74
ETH,2017-11-03,288.5,308.31,287.69,305.71,646339968.0,29197317355.0,0.8739,20.62
ETH,2017-11-04,305.48,305.48,295.8,300.47,416479008.0,28702737365.0,0.4824,9.68
ETH,2017-11-05,300.04,301.37,295.12,296.26,337657984.0,28307052341.0,0.1824,6.25
ETH,2017-11-06,296.43,305.42,293.72,298.89,579358976.0,28564296472.0,0.4419,11.7
ETH,2017-11-07,298.57,304.84,290.77,294.66,540766016.0,28165778801.0,0.2765,14.07
ETH,2017-11-08,294.27,318.7,293.1,309.07,967955968.0,29549552409.0,0.6238,25.6
ETH,2017-11-09,308.64,329.45,307.06,320.88,893249984.0,30685584327.0,0.6172,22.39
ETH,2017-11-10,320.67,324.72,294.54,299.25,885985984.0,28623188738.0,0.1561,30.18
ETH,2017-11-11,298.59,319.45,298.19,314.68,842300992.0,30105285828.0,0.7756,21.26
ETH,2017-11-12,314.69,319.15,298.51,307.91,1613479936.0,29463540579.0,0.4554,20.64
ETH,2017-11-13,307.02,328.42,307.02,316.72,1041889984.0,30312834756.0,0.4533,21.4
ETH,2017-11-14,316.76,340.18,316.76,337.63,1069680000.0,32321383639.0,0.8911,23.42
ETH,2017-11-15,337.96,340.91,329.81,333.36,722665984.0,31919060540.0,0.3198,11.1
ETH,2017-11-16,333.44,336.16,323.61,330.92,797254016.0,31692795453.0,0.5825,12.55
ETH,2017-11-17,330.17,334.96,327.52,332.39,621732992.0,31840349187.0,0.6546,7.44
ETH,2017-11-18,331.98,349.62,327.69,347.61,649638976.0,33305160559.0,0.9083,21.93
ETH,2017-11-19,347.4,371.29,344.74,354.39,1181529984.0,33961430090.0,0.3635,26.55
ETH,2017-11-20,354.09,372.14,353.29,366.73,807027008.0,35151847933.0,0.713,18.85
ETH,2017-11-21,367.44,372.47,350.69,360.4,949912000.0,34552559750.0,0.4458,21.78
ETH,2017-11-22,360.31,381.42,360.15,380.65,800819008.0,36501878925.0,0.9638,21.27
ETH,2017-11-23,381.44,425.55,376.09,410.17,1845680000.0,39340408036.0,0.6890000000000001,49.46
ETH,2017-11-24,412.5,480.97,402.76,474.91,2292829952.0,45560021462.0,0.9225,78.21
ETH,2017-11-25,475.68,485.19,461.05,466.28,1422080000.0,44741093552.0,0.2167,24.14
ETH,2017-11-26,465.97,472.72,451.61,471.33,1197779968.0,45235644662.0,0.9342,21.11
ETH,2017-11-27,471.53,493.4,468.48,480.36,1396480000.0,46111561438.0,0.4767,24.92
ETH,2017-11-28,480.52,482.48,466.35,472.9,1346499968.0,45405717909.0,0.4061,16.13
ETH,2017-11-29,473.28,522.31,425.07,427.52,2675940096.0,41057383009.0,0.0252,97.24
ETH,2017-11-30,431.21,465.5,401.24,447.11,1903040000.0,42947937239.0,0.7138,64.26
ETH,2017-12-01,445.21,472.61,428.31,466.54,1247879936.0,44823457369.0,0.863,44.3
ETH,2017-12-02,466.85,476.24,456.65,463.45,943649984.0,44535863933.0,0.3471,19.59
ETH,2017-12-03,463.7,482.81,451.85,465.85,990556992.0,44776362724.0,0.4522,30.96
ETH,2017-12-04,466.05,474.78,453.31,470.2,1005550016.0,45204145125.0,0.7867,21.47
ETH,2017-12-05,470.29,473.56,457.66,463.28,1216720000.0,44548159326.0,0.3535,15.9
ETH,2017-12-06,462.6,462.71,420.21,428.59,1998259968.0,41220997942.0,0.1972,42.5
ETH,2017-12-07,426.37,441.4,414.41,434.41,2129570048.0,41789848007.0,0.741,26.99
ETH,2017-12-08,434.99,466.06,422.37,456.03,2336379904.0,43879256076.0,0.7704,43.69
ETH,2017-12-09,457.34,504.15,456.25,473.5,2003849984.0,45570080683.0,0.3601,47.9
ETH,2017-12-10,472.79,472.79,429.51,441.72,1404179968.0,42520479602.0,0.2821,43.28
ETH,2017-12-11,440.36,516.97,439.1,515.14,1771440000.0,49597927198.0,0.9765,77.87
ETH,2017-12-12,522.29,657.32,504.49,651.43,5179829760.0,62733982232.0,0.9615,152.83
ETH,2017-12-13,644.91,747.99,597.8,702.77,4524539904.0,67692231422.0,0.6989,150.19
ETH,2017-12-14,700.59,753.12,664.99,695.82,3821580032.0,67036917107.0,0.3498,88.13
ETH,2017-12-15,696.38,697.13,621.06,684.45,2758710016.0,65956174321.0,0.8333,76.07
ETH,2017-12-16,686.19,718.39,680.79,696.21,2165690112.0,67103695920.0,0.4101,37.6
ETH,2017-12-17,696.24,735.83,696.24,719.97,2147389952.0,69409025338.0,0.5994,39.59
ETH,2017-12-18,721.73,803.93,689.23,794.65,3249230080.0,76623897492.0,0.9191,114.7
ETH,2017-12-19,793.9,881.94,785.34,826.82,4096549888.0,79743740362.0,0.4294,96.6
ETH,2017-12-20,827.52,845.06,756.0,819.09,3969939968.0,79014430828.0,0.7084,89.06
ETH,2017-12-21,820.24,880.54,792.69,821.06,3569060096.0,79221896341.0,0.3229,87.85
ETH,2017-12-22,822.64,827.68,543.76,674.86,4977710080.0,65129109277.0,0.4617,283.92
ETH,2017-12-23,681.32,763.9,679.73,719.39,2480339968.0,69441297649.0,0.4712,84.17
ETH,2017-12-24,721.77,721.77,614.92,694.15,2300549888.0,67019237420.0,0.7415,106.85
ETH,2017-12-25,698.87,782.52,698.87,765.83,2491760128.0,73955757349.0,0.8005,83.65
ETH,2017-12-26,763.37,786.79,760.93,773.84,2201159936.0,74744613931.0,0.4992,25.86
ETH,2017-12-27,774.97,789.25,738.41,762.84,2100029952.0,73698377070.0,0.4805,50.84
ETH,2017-12-28,762.21,763.32,701.19,737.02,2389149952.0,71219054808.0,0.5767,62.13
ETH,2017-12-29,740.39,770.12,729.61,753.59,2648969984.0,72835328712.0,0.5920000000000001,40.51
ETH,2017-12-30,753.82,753.82,685.23,717.26,3187780096.0,69338470696.0,0.467,68.59
ETH,2017-12-31,712.21,760.35,710.12,756.73,2554269952.0,73170170967.0,0.9279,50.23
ETH,2018-01-01,755.76,782.53,742.0,772.64,2595760128.0,74724233458.0,0.7559999999999999,40.53
ETH,2018-01-02,772.35,914.83,772.35,884.44,5783349760.0,85552984077.0,0.7867,142.48
ETH,2018-01-03,886.0,974.47,868.45,962.72,5093159936.0,93146829617.0,0.8892,106.02
ETH,2018-01-04,961.71,1045.08,946.09,980.92,6502859776.0,94924308783.0,0.3519,98.99
ETH,2018-01-05,975.75,1075.39,956.33,997.72,6683149824.0,96574936368.0,0.3476,119.06
ETH,2018-01-06,995.15,1060.71,994.62,1041.68,4662219776.0,100852000000.0,0.7121,66.09
ETH,2018-01-07,1043.01,1153.17,1043.01,1153.17,5569880064.0,111671000000.0,1.0,110.16
ETH,2018-01-08,1158.26,1266.93,1016.05,1148.53,8450970112.0,111245000000.0,0.5281,250.88
ETH,2018-01-09,1146.0,1320.98,1145.49,1299.74,7965459968.0,125918000000.0,0.879,175.49
ETH,2018-01-10,1300.34,1417.38,1226.6,1255.82,9214950400.0,121689000000.0,0.1532,190.78
ETH,2018-01-11,1268.09,1337.3,1135.17,1154.93,7235899904.0,111937000000.0,0.0978,202.13
ETH,2018-01-12,1158.29,1296.04,1120.09,1273.2,5222300160.0,123427000000.0,0.8702,175.95
ETH,2018-01-13,1270.47,1432.88,1270.47,1396.42,5746760192.0,135401000000.0,0.7755,162.41
ETH,2018-01-14,1397.48,1400.56,1286.21,1366.77,4841630208.0,132555000000.0,0.7045,114.35
ETH,2018-01-15,1365.21,1390.59,1290.6,1291.92,4781100032.0,125320000000.0,0.0132,99.99
ETH,2018-01-16,1292.63,1292.63,875.54,1053.69,8405139968.0,102231000000.0,0.4271,417.09
ETH,2018-01-17,1061.34,1090.23,780.92,1014.25,8545160192.0,98429091487.0,0.7544,309.31
ETH,2018-01-18,1016.44,1100.31,967.76,1036.28,5938319872.0,100588000000.0,0.5169,132.55
ETH,2018-01-19,1028.82,1093.22,1003.71,1039.1,4084450048.0,100883000000.0,0.3954,89.51
ETH,2018-01-20,1044.95,1167.11,1044.95,1155.15,3975190016.0,112174000000.0,0.9021,122.16
ETH,2018-01-21,1155.68,1155.68,1021.5,1049.58,3378089984.0,101944000000.0,0.2093,134.18
ETH,2018-01-22,1055.35,1089.1,930.74,1003.26,3810099968.0,97465684890.0,0.4579,158.36
ETH,2018-01-23,1004.17,1023.23,920.54,986.23,3556699904.0,95831359552.0,0.6397,102.69
ETH,2018-01-24,987.48,1062.44,965.81,1058.78,3944039936.0,102903000000.0,0.9621,96.63
ETH,2018-01-25,1063.22,1104.66,1034.74,1056.03,4050190080.0,102657000000.0,0.3045,69.92
ETH,2018-01-26,1052.7,1080.6,996.78,1055.17,3617690112.0,102595000000.0,0.6966,83.82
ETH,2018-01-27,1055.75,1121.98,1042.12,1107.07,3002870016.0,107664000000.0,0.8133,79.86
ETH,2018-01-28,1111.78,1257.77,1111.78,1246.01,5372329984.0,121202000000.0,0.9194,145.99
ETH,2018-01-29,1246.7,1256.7,1169.08,1182.36,3715079936.0,115035000000.0,0.1516,87.62
ETH,2018-01-30,1184.13,1184.63,1058.97,1071.13,4107859968.0,104234000000.0,0.0968,125.66
ETH,2018-01-31,1071.09,1128.66,1034.5,1118.31,3757560064.0,108849000000.0,0.8901,94.16
ETH,2018-02-01,1119.37,1161.35,984.82,1036.79,5261680128.0,100935000000.0,0.2944,176.53
ETH,2018-02-02,1035.77,1035.77,757.98,915.78,6713290240.0,89173962074.0,0.5681,277.79
ETH,2018-02-03,919.21,991.94,847.69,964.02,3243480064.0,93890299032.0,0.8064,144.25
ETH,2018-02-04,964.67,969.03,805.06,834.68,2997090048.0,81310521832.0,0.1806,163.97
ETH,2018-02-05,834.96,856.65,644.6,697.95,4269530112.0,68005284183.0,0.2516,212.05
ETH,2018-02-06,707.74,796.44,574.42,793.12,6518269952.0,77294507868.0,0.985,222.02
ETH,2018-02-07,790.43,851.2,723.43,757.07,3896179968.0,73796288509.0,0.2633,127.77
ETH,2018-02-08,755.84,845.09,755.84,817.81,3708189952.0,79733609806.0,0.6943,89.25
ETH,2018-02-09,818.48,884.0,788.83,883.86,2495820032.0,86191922699.0,0.9985,95.17
ETH,2018-02-10,882.47,917.4,825.58,860.41,2930530048.0,83922989198.0,0.3793,91.82
ETH,2018-02-11,859.29,859.29,788.22,814.66,2486650112.0,79476512347.0,0.37200000000000005,71.07
ETH,2018-02-12,817.51,875.94,817.51,868.71,2243450112.0,84767037716.0,0.8763,58.43
ETH,2018-02-13,869.29,870.71,828.84,845.26,2081170048.0,82496189206.0,0.3922,41.87
ETH,2018-02-14,844.28,926.43,844.28,923.56,2818370048.0,90157005929.0,0.9651,82.15
ETH,2018-02-15,923.73,951.95,911.11,936.98,2900100096.0,91485862822.0,0.6334,40.84
ETH,2018-02-16,934.79,950.01,917.85,944.21,2369449984.0,92211437654.0,0.8197,32.16
ETH,2018-02-17,944.75,976.59,940.75,974.11,2525720064.0,95151956513.0,0.9308,35.84
ETH,2018-02-18,973.35,982.93,915.45,923.92,2567290112.0,90267805476.0,0.1255,67.48
ETH,2018-02-19,921.67,957.78,921.55,943.86,2169019904.0,92235641556.0,0.6158,36.23
ETH,2018-02-20,943.57,965.27,892.95,895.37,2545260032.0,87514997546.0,0.0335,72.32
ETH,2018-02-21,894.14,912.38,830.56,849.97,2531729920.0,83095081059.0,0.2372,81.82
ETH,2018-02-22,849.26,875.93,802.67,812.84,2150370048.0,79482140044.0,0.1388,73.26
ETH,2018-02-23,811.59,886.32,794.79,864.19,2334820096.0,84520567485.0,0.7582,91.53
ETH,2018-02-24,861.59,879.53,818.55,840.52,1926579968.0,82222377928.0,0.3603,60.98
ETH,2018-02-25,839.46,853.15,822.38,844.81,1646960000.0,82659602549.0,0.7290000000000001,30.77
ETH,2018-02-26,845.28,880.39,842.32,869.32,2044480000.0,85074973200.0,0.7092,38.07
ETH,2018-02-27,870.36,896.26,867.1,878.27,2053980032.0,85968788108.0,0.3831,29.16
ETH,2018-02-28,877.93,890.11,855.12,855.2,1963980032.0,83728564149.0,0.0023,34.99
ETH,2018-03-01,856.01,880.3,851.92,872.2,1868519936.0,85410827047.0,0.7146,28.38
ETH,2018-03-02,871.76,876.38,852.42,856.85,1894419968.0,83925690001.0,0.1849,23.96
ETH,2018-03-03,856.71,868.45,855.21,857.22,1699369984.0,83979651073.0,0.1518,13.24
ETH,2018-03-04,856.19,867.95,840.28,866.68,1697939968.0,84923240778.0,0.9541,27.67
ETH,2018-03-05,866.85,869.92,853.52,853.68,1898489984.0,83667342992.0,0.0098,16.4
ETH,2018-03-06,853.82,853.82,809.93,816.95,1943069952.0,80083929891.0,0.1599,43.89
ETH,2018-03-07,816.27,825.61,726.55,752.83,2175419904.0,73813918307.0,0.2653,99.06
ETH,2018-03-08,752.57,773.77,696.17,704.6,1891640064.0,69098851661.0,0.1086,77.6
ETH,2018-03-09,702.2,729.16,648.11,728.92,2233019904.0,71498733754.0,0.997,81.05
ETH,2018-03-10,730.16,748.03,682.7,686.89,1532960000.0,67390487259.0,0.0641,65.33
ETH,2018-03-11,685.31,735.83,668.12,723.34,1562680064.0,70981343639.0,0.8155,67.71
ETH,2018-03-12,724.41,742.51,683.27,699.83,1764999936.0,68688764839.0,0.2795,59.24
ETH,2018-03-13,698.15,713.73,682.35,690.83,1425959936.0,67819092121.0,0.2702,31.38
ETH,2018-03-14,691.22,702.78,594.1,614.29,1810560000.0,60318025226.0,0.1858,108.68
ETH,2018-03-15,614.84,620.62,579.51,611.3,1770460032.0,60037233577.0,0.7733,41.11
ETH,2018-03-16,611.78,623.17,587.86,601.67,1417350016.0,59103031871.0,0.3911,35.31
ETH,2018-03-17,601.68,609.15,549.1,552.78,1267810048.0,54312035489.0,0.0613,60.05
ETH,2018-03-18,551.64,551.64,460.09,538.64,2685499904.0,52934184182.0,0.858,91.55
ETH,2018-03-19,546.63,558.1,519.12,556.73,2046790016.0,54722473140.0,0.9649,38.98
ETH,2018-03-20,556.72,567.09,521.2,557.17,1833680000.0,54777982164.0,0.7838,45.89
ETH,2018-03-21,559.1,589.61,550.57,561.73,1781270016.0,55237391316.0,0.2859,39.04
ETH,2018-03-22,562.1,577.57,523.09,539.7,1523459968.0,53082150649.0,0.3049,54.48
ETH,2018-03-23,539.86,540.49,512.13,539.62,1596349952.0,53084905906.0,0.9693,28.36
ETH,2018-03-24,542.57,545.38,526.08,526.44,1300009984.0,51799123912.0,0.0187,19.3
ETH,2018-03-25,522.7,535.82,515.66,524.29,1151170048.0,51598047955.0,0.4281,20.16
ETH,2018-03-26,524.29,526.38,470.44,489.95,1638880000.0,48228842327.0,0.3488,55.94
ETH,2018-03-27,489.59,491.46,449.97,450.12,1617939968.0,44316774118.0,0.0036,41.49
ETH,2018-03-28,450.29,466.21,444.86,446.28,1514179968.0,43948072321.0,0.0665,21.35
ETH,2018-03-29,448.08,450.81,385.81,385.97,1970230016.0,38016727209.0,0.0025,65.0
ETH,2018-03-30,385.9,409.93,368.63,394.64,1878130048.0,38879465944.0,0.6298,41.3
ETH,2018-03-31,395.0,418.47,392.95,396.46,1323920000.0,39066085342.0,0.1375,25.52
ETH,2018-04-01,397.25,400.53,363.8,379.61,1256930048.0,37413407420.0,0.4304,36.73
ETH,2018-04-02,379.7,395.17,377.59,386.42,1102259968.0,38093277842.0,0.5023,17.58
ETH,2018-04-03,387.31,418.97,383.53,416.89,1363399936.0,41105280498.0,0.9413,35.44
ETH,2018-04-04,416.48,417.47,375.31,380.54,1287730048.0,37528933631.0,0.1241,42.16
ETH,2018-04-05,379.95,387.72,369.82,383.23,1210680064.0,37802008408.0,0.7492,17.9
ETH,2018-04-06,382.73,385.2,366.91,370.29,967105984.0,36532478896.0,0.1848,18.29
ETH,2018-04-07,370.38,393.06,369.94,385.31,951475008.0,38023057371.0,0.6648,23.12
ETH,2018-04-08,385.74,402.59,385.6,400.51,948488000.0,39530560784.0,0.8776,16.99
ETH,2018-04-09,400.86,429.25,390.61,398.53,1478390016.0,39343018191.0,0.205,38.64
ETH,2018-04-10,399.41,415.89,393.88,414.24,1200000000.0,40903130396.0,0.925,22.01
ETH,2018-04-11,415.02,430.54,412.47,430.54,1439040000.0,42521044920.0,1.0,18.07
ETH,2018-04-12,430.16,493.06,417.41,492.94,2519360000.0,48693844481.0,0.9984,75.65
ETH,2018-04-13,493.16,526.47,482.66,492.73,2419249920.0,48683660481.0,0.2299,43.81
ETH,2018-04-14,492.58,512.02,488.28,501.48,1519079936.0,49557725333.0,0.556,23.74
ETH,2018-04-15,502.88,531.7,502.88,531.7,1726089984.0,52555419462.0,1.0,28.82
ETH,2018-04-16,532.07,534.2,500.25,511.15,1758979968.0,50534185799.0,0.3211,33.95
ETH,2018-04-17,511.14,518.03,502.56,502.89,1760359936.0,49728519115.0,0.0213,15.47
ETH,2018-04-18,503.31,525.09,503.05,524.79,1762940032.0,51904227886.0,0.9864,22.04
ETH,2018-04-19,524.04,567.89,523.26,567.89,2256869888.0,56178772001.0,1.0,44.63
ETH,2018-04-20,567.99,618.72,560.28,615.72,2849469952.0,60922818296.0,0.9487,58.44
ETH,2018-04-21,616.0,621.89,578.55,605.4,2612460032.0,59913832194.0,0.6195,43.34
ETH,2018-04-22,606.12,640.77,593.87,621.86,2426269952.0,61556034015.0,0.5968,46.9
ETH,2018-04-23,621.2,646.7,621.03,642.55,2386830080.0,63617020167.0,0.8383,25.67
ETH,2018-04-24,643.4,708.88,643.4,708.16,3581860096.0,70127342534.0,0.9890000000000001,65.48
ETH,2018-04-25,707.06,707.06,600.21,615.42,4216140032.0,60955966711.0,0.1423,106.85
ETH,2018-04-26,618.08,663.18,604.01,662.81,2984009984.0,65663946135.0,0.9937,59.17
ETH,2018-04-27,662.11,684.87,647.03,647.03,2598129920.0,64114105428.0,0.0,37.84
ETH,2018-04-28,644.65,691.44,644.65,683.68,2496659968.0,67759208004.0,0.8342,46.79
ETH,2018-04-29,683.91,697.76,670.51,688.88,2740559872.0,68289153706.0,0.6741,27.25
ETH,2018-04-30,689.76,694.44,666.12,669.92,2853100032.0,66423712256.0,0.1342,28.32
ETH,2018-05-01,670.46,674.4,637.54,673.61,2678960128.0,66803233984.0,0.9786,36.86
ETH,2018-05-02,674.08,688.84,667.42,687.15,2822269952.0,68159979253.0,0.9211,21.42
ETH,2018-05-03,686.59,784.34,686.59,779.54,4210939904.0,77340839220.0,0.9509,97.75
ETH,2018-05-04,776.78,803.75,762.63,785.62,3533410048.0,77960306236.0,0.5591,41.12
ETH,2018-05-05,784.58,827.46,784.24,816.12,3035040000.0,81003446783.0,0.7376,43.22
ETH,2018-05-06,816.09,835.06,764.88,792.31,3105570048.0,78656662788.0,0.3909,70.18
ETH,2018-05-07,793.34,795.76,710.18,753.72,4316120064.0,74841655792.0,0.5088,85.58
ETH,2018-05-08,755.01,774.25,728.13,752.86,2920489984.0,74770813968.0,0.5362,46.12
ETH,2018-05-09,752.9,759.53,718.47,752.28,2877870080.0,74728439730.0,0.8234,41.06
ETH,2018-05-10,752.58,766.75,726.66,727.28,2748950016.0,72260117775.0,0.0155,40.09
ETH,2018-05-11,727.01,736.98,669.83,679.59,3290080000.0,67535702572.0,0.1453,67.15
ETH,2018-05-12,679.88,691.41,644.07,686.05,2668480000.0,68192028458.0,0.8868,47.34
ETH,2018-05-13,687.17,741.31,675.32,733.5,2362500096.0,72923278119.0,0.8816,65.99
ETH,2018-05-14,732.73,742.17,695.79,730.55,3005110016.0,72645181706.0,0.7495,46.38
ETH,2018-05-15,731.14,739.05,700.99,708.87,2523069952.0,70504110201.0,0.207,38.06
ETH,2018-05-16,708.09,710.2,682.54,707.05,2476130048.0,70337446111.0,0.8861,27.66
ETH,2018-05-17,708.72,718.83,668.83,672.66,2350619904.0,66929938612.0,0.0766,50.0
ETH,2018-05-18,672.1,695.03,663.81,694.37,2305740032.0,69104455849.0,0.9789,31.22
ETH,2018-05-19,695.07,715.58,686.79,696.53,2021549952.0,69334147807.0,0.3383,28.79
ETH,2018-05-20,697.92,723.75,692.67,715.37,2156910080.0,71224213260.0,0.7304,31.08
ETH,2018-05-21,717.19,719.28,692.49,699.22,2005170048.0,69631032596.0,0.2512,26.79
ETH,2018-05-22,700.18,700.98,644.03,647.74,2230469888.0,64517663406.0,0.0651,56.95
ETH,2018-05-23,646.67,651.64,572.95,583.59,2995429888.0,58139666822.0,0.1352,78.69
ETH,2018-05-24,584.54,610.82,557.21,601.76,2791099904.0,59962094302.0,0.831,53.61
ETH,2018-05-25,602.14,617.19,575.62,586.73,2110919936.0,58477440268.0,0.2673,41.57
ETH,2018-05-26,587.43,606.17,583.51,587.28,1694300032.0,58544016481.0,0.1664,22.66
ETH,2018-05-27,588.52,590.33,562.87,572.67,1788790016.0,57099072056.0,0.3569,27.46
ETH,2018-05-28,573.04,576.05,512.55,516.04,2356900096.0,51463146627.0,0.055,63.5
ETH,2018-05-29,516.15,572.26,516.15,565.39,2330820096.0,56396587656.0,0.8776,56.11
ETH,2018-05-30,566.83,583.14,545.43,559.59,2053970048.0,55829809817.0,0.3755,37.71
ETH,2018-05-31,558.5,585.54,557.07,577.65,1985040000.0,57643138807.0,0.7229,28.47
ETH,2018-06-01,578.67,589.09,567.66,580.04,1945890048.0,57894350583.0,0.5777,21.43
ETH,2018-06-02,580.43,597.08,577.32,591.81,1880390016.0,59080880117.0,0.7333,19.76
ETH,2018-06-03,591.26,624.51,591.26,618.33,1832550016.0,61740821846.0,0.8141,33.25
ETH,2018-06-04,619.44,623.43,583.75,592.98,1903430016.0,59222873880.0,0.2326,39.68
ETH,2018-06-05,593.41,611.33,580.98,609.3,1844269952.0,60864980395.0,0.9331,30.35
ETH,2018-06-06,610.26,611.64,596.4,607.12,1756530048.0,60659842641.0,0.7034,15.24
ETH,2018-06-07,607.69,616.14,601.69,605.19,1880140032.0,60478879395.0,0.2422,14.45
ETH,2018-06-08,605.44,608.81,595.59,601.08,1637779968.0,60080608858.0,0.4153,13.22
ETH,2018-06-09,600.91,608.58,597.56,597.56,1519309952.0,59741701633.0,0.0,11.02
ETH,2018-06-10,594.34,594.34,511.89,526.48,2234880000.0,52645885461.0,0.177,82.45
ETH,2018-06-11,524.86,536.86,515.27,533.28,1982119936.0,53337466294.0,0.8342,21.59
ETH,2018-06-12,532.71,538.96,491.23,496.84,1932760064.0,49702985162.0,0.1175,47.73
ETH,2018-06-13,498.02,501.9,459.0,477.49,2080130048.0,47777150787.0,0.431,42.9
ETH,2018-06-14,478.38,523.54,467.47,519.74,2458650112.0,52015066663.0,0.9322,56.07
ETH,2018-06-15,520.48,521.3,487.47,491.0,1808269952.0,49149084090.0,0.1043,33.83
ETH,2018-06-16,490.41,503.22,488.85,499.64,1314109952.0,50024018701.0,0.7509,14.37
ETH,2018-06-17,499.46,507.64,498.65,500.45,1264870016.0,50114921288.0,0.2002,8.99
ETH,2018-06-18,499.38,521.8,494.07,518.89,1513869952.0,51972519171.0,0.8951,27.73
ETH,2018-06-19,519.02,542.35,516.31,537.96,1726569984.0,53893191559.0,0.8314,26.04
ETH,2018-06-20,538.51,541.02,519.37,536.27,1596290048.0,53735032875.0,0.7806,21.65
ETH,2018-06-21,536.45,543.72,524.26,527.37,1462070016.0,52853921455.0,0.1598,19.46
ETH,2018-06-22,527.19,527.19,456.88,465.82,2226030080.0,46694859628.0,0.1272,70.31
ETH,2018-06-23,466.27,479.13,462.39,474.52,1651379968.0,47577076102.0,0.7246,16.74
ETH,2018-06-24,474.77,475.36,426.47,457.67,2490579968.0,45897156207.0,0.6382,48.89
ETH,2018-06-25,455.94,470.34,448.9,460.31,4007950080.0,46171165114.0,0.5322,21.44
ETH,2018-06-26,460.73,461.21,432.77,432.77,1356560000.0,43417898248.0,0.0,28.44
ETH,2018-06-27,432.24,444.24,424.84,442.36,1368940032.0,44389430889.0,0.9031,19.4
ETH,2018-06-28,442.29,443.62,419.68,422.36,1360790016.0,42391125054.0,0.1119,23.94
ETH,2018-06-29,422.59,441.79,407.95,436.01,1564499968.0,43769409548.0,0.8292,33.84
ETH,2018-06-30,436.21,458.8,436.21,455.18,1475939968.0,45703302056.0,0.8398,22.59
ETH,2018-07-01,455.24,457.14,446.39,453.92,1511730048.0,45585861718.0,0.7005,10.75
ETH,2018-07-02,453.82,479.13,447.11,475.35,1625789952.0,47747743959.0,0.8819,32.02
ETH,2018-07-03,475.39,483.85,462.58,464.2,1683939968.0,46637067239.0,0.0762,21.27
ETH,2018-07-04,464.15,481.44,455.18,467.32,1549769984.0,46960391871.0,0.4623,26.26
ETH,2018-07-05,467.29,483.23,464.63,474.41,1828610048.0,47682968020.0,0.5258,18.6
ETH,2018-07-06,474.36,479.65,457.61,474.01,1627609984.0,47652424064.0,0.7441,22.04
ETH,2018-07-07,474.06,491.66,466.84,491.66,1358360064.0,49436674025.0,1.0,24.82
ETH,2018-07-08,492.07,503.2,488.42,489.12,1344560000.0,49191161178.0,0.0474,14.78
ETH,2018-07-09,488.88,490.85,475.17,476.68,1533799936.0,47950212027.0,0.0963,15.68
ETH,2018-07-10,476.16,478.32,433.96,434.42,1789069952.0,43708241775.0,0.0104,44.36
ETH,2018-07-11,434.52,447.32,429.51,446.52,1422470016.0,44934271235.0,0.9551,17.81
ETH,2018-07-12,446.5,446.5,422.81,430.07,1495440000.0,43288294177.0,0.3065,23.69
ETH,2018-07-13,430.74,442.36,430.74,434.03,1489670016.0,43694988769.0,0.2831,11.62
ETH,2018-07-14,434.51,439.43,431.47,436.09,1235820032.0,43911193561.0,0.5804,7.96
ETH,2018-07-15,435.88,454.0,433.92,449.85,1350160000.0,45306414380.0,0.7933,20.08
ETH,2018-07-16,450.42,480.66,446.8,480.66,1858680064.0,48419026521.0,1.0,33.86
ETH,2018-07-17,480.08,508.78,468.92,501.0,2288100096.0,50478766285.0,0.8048,39.86
ETH,2018-07-18,500.84,513.43,474.36,480.51,2371559936.0,48424155624.0,0.1574,39.07
ETH,2018-07-19,480.63,483.24,465.14,469.62,2068739968.0,47335899963.0,0.2475,18.1
ETH,2018-07-20,469.31,469.31,443.69,450.7,1821350016.0,45437819522.0,0.2736,25.62
ETH,2018-07-21,450.68,468.08,445.78,462.44,1504310016.0,46630720739.0,0.7471,22.3
ETH,2018-07-22,462.44,470.9,458.12,459.66,1338589952.0,46360029757.0,0.1205,12.78
ETH,2018-07-23,459.44,469.77,449.73,450.85,1596999936.0,45481301491.0,0.0559,20.04
ETH,2018-07-24,451.14,481.14,450.57,479.37,2287520000.0,48368209917.0,0.9421,30.57
ETH,2018-07-25,479.91,482.87,466.47,472.49,1930780032.0,47683830874.0,0.3671,16.4
ETH,2018-07-26,472.33,483.7,461.42,464.04,1621560064.0,46839932193.0,0.1176,22.28
ETH,2018-07-27,464.01,473.22,458.29,469.67,1734259968.0,47417755376.0,0.7622,14.93
ETH,2018-07-28,469.68,471.59,462.99,466.9,1531890048.0,47147853886.0,0.4547,8.6
ETH,2018-07-29,466.92,470.36,462.71,466.67,1631910016.0,47133881666.0,0.5176,7.65
ETH,2018-07-30,466.83,467.95,448.64,457.08,2141590000.0,46175217427.0,0.4371,19.31
ETH,2018-07-31,457.25,457.25,430.44,433.87,1820680000.0,43839034237.0,0.1279,26.81
ETH,2018-08-01,433.87,435.46,410.46,420.75,1888060000.0,42521937218.0,0.4116,25.0
ETH,2018-08-02,420.81,425.03,410.31,412.62,1569300000.0,41709183608.0,0.1569,14.72
ETH,2018-08-03,412.57,420.55,399.91,418.26,1722340000.0,42287977978.0,0.8891,20.64
ETH,2018-08-04,418.24,420.19,403.78,407.25,1466540000.0,41183215694.0,0.2115,16.41
ETH,2018-08-05,407.35,413.72,402.43,410.52,1396820000.0,41521715110.0,0.7166,11.29
ETH,2018-08-06,410.57,414.54,403.31,406.66,1384880000.0,41139790462.0,0.2983,11.23
ETH,2018-08-07,406.8,411.4,376.08,380.21,1828350000.0,38472420233.0,0.1169,35.32
ETH,2018-08-08,379.89,380.67,353.73,356.61,2016080000.0,36091566801.0,0.1069,26.94
ETH,2018-08-09,356.97,370.95,353.61,365.59,1616610000.0,37007391031.0,0.6909,17.34
ETH,2018-08-10,365.78,367.05,329.59,334.18,1699400000.0,33834485092.0,0.1225,37.46
ETH,2018-08-11,334.26,334.26,308.49,322.11,1790370000.0,32619681420.0,0.5285,25.77
ETH,2018-08-12,320.82,328.59,318.6,319.57,1625420000.0,32368768332.0,0.0971,9.99
ETH,2018-08-13,320.21,323.55,284.93,286.5,1751190000.0,29024490503.0,0.0407,38.62
ETH,2018-08-14,286.37,286.37,254.65,278.93,2137850000.0,28263969132.0,0.7654,31.72
ETH,2018-08-15,280.39,303.59,280.12,282.36,1878150000.0,28617473116.0,0.0954,23.47
ETH,2018-08-16,282.74,298.48,280.93,288.05,1552970000.0,29199228646.0,0.4057,17.55
ETH,2018-08-17,287.68,316.17,287.35,315.73,1995460000.0,32011921283.0,0.9847,28.82
ETH,2018-08-18,316.79,320.45,286.55,295.81,1764020000.0,29998584852.0,0.2732,33.9
ETH,2018-08-19,295.67,307.1,291.33,300.83,1447910000.0,30514025774.0,0.6024,15.77
ETH,2018-08-20,301.38,304.37,273.51,274.31,1413790000.0,27829775231.0,0.0259,30.86
ETH,2018-08-21,273.33,285.97,273.33,281.94,1164120000.0,28609531323.0,0.6812,12.64
ETH,2018-08-22,281.97,297.49,265.0,271.34,1507660000.0,27539119679.0,0.1951,32.49
ETH,2018-08-23,271.75,279.55,271.09,277.1,1271160000.0,28129662664.0,0.7104,8.46
ETH,2018-08-24,278.11,283.3,273.86,282.97,1450170000.0,28730705349.0,0.965,9.44
ETH,2018-08-25,283.28,283.51,278.47,279.65,1208360000.0,28399212923.0,0.2341,5.04
ETH,2018-08-26,279.52,279.52,272.44,275.2,1206650000.0,27953028997.0,0.3898,7.08
ETH,2018-08-27,275.35,285.6,273.65,285.6,1406790000.0,29015874948.0,1.0,11.95
ETH,2018-08-28,286.65,297.4,283.57,296.5,1513350000.0,30128902937.0,0.9349,13.83
ETH,2018-08-29,296.16,297.07,287.29,289.31,1474460000.0,29404459725.0,0.2065,9.78
ETH,2018-08-30,289.75,291.24,275.21,284.11,1513100000.0,28881058148.0,0.5552,16.03
ETH,2018-08-31,284.12,284.55,278.51,283.0,1411910000.0,28774922508.0,0.7434,6.04
ETH,2018-09-01,283.5,301.14,283.5,295.34,1546630000.0,30035327410.0,0.6712,17.64
ETH,2018-09-02,295.45,298.69,290.93,294.37,1321050000.0,29942718225.0,0.4433,7.76
ETH,2018-09-03,295.18,295.59,287.43,289.26,1394490000.0,29428616901.0,0.2243,8.16
ETH,2018-09-04,289.3,291.58,284.25,285.72,1554870000.0,29074743101.0,0.2005,7.33
ETH,2018-09-05,286.05,288.16,232.33,232.33,2390390000.0,23646371777.0,0.0,55.83
ETH,2018-09-06,231.65,231.75,218.12,230.22,2097310000.0,23435751842.0,0.8877,13.63
ETH,2018-09-07,229.53,233.9,217.07,217.2,1678260000.0,22115522904.0,0.0077,16.83
ETH,2018-09-08,217.91,220.37,193.26,197.95,1517200000.0,20159309964.0,0.17300000000000001,27.11
ETH,2018-09-09,198.38,207.67,188.31,196.92,1585980000.0,20058708800.0,0.4447,19.36
ETH,2018-09-10,197.85,201.88,189.58,197.08,1502960000.0,20078523984.0,0.6098,12.3
ETH,2018-09-11,198.18,198.51,180.6,185.07,1568900000.0,18858381966.0,0.2496,17.91
ETH,2018-09-12,185.42,185.59,170.26,183.33,1874850000.0,18685319378.0,0.8526,15.33
ETH,2018-09-13,183.68,214.0,183.68,211.35,2330720000.0,21545775837.0,0.9126,30.32
ETH,2018-09-14,212.67,222.79,204.87,211.75,2232190000.0,21590366996.0,0.3839,17.92
ETH,2018-09-15,209.81,226.6,209.61,223.07,1670490000.0,22749647321.0,0.7922,16.99
ETH,2018-09-16,222.8,222.8,211.12,220.59,1502260000.0,22500748646.0,0.8108,11.68
ETH,2018-09-17,221.58,224.26,195.31,197.88,2019910000.0,20187902505.0,0.0888,28.95
ETH,2018-09-18,197.09,213.36,195.93,209.97,1800640000.0,21426628309.0,0.8055,17.43
ETH,2018-09-19,209.47,213.87,201.66,209.97,1733330000.0,21430323331.0,0.6806,12.21
ETH,2018-09-20,210.29,224.82,207.79,224.59,1782070000.0,22927300808.0,0.9865,17.03
ETH,2018-09-21,225.25,248.39,221.57,246.58,2836200000.0,25177561991.0,0.9325,26.82
ETH,2018-09-22,247.34,251.2,233.81,240.48,1921820000.0,24559189741.0,0.3836,17.39
ETH,2018-09-23,240.99,247.46,237.86,244.33,1693470000.0,24957339670.0,0.674,9.6
ETH,2018-09-24,244.84,245.11,227.49,228.73,1748740000.0,23368514475.0,0.0704,17.62
ETH,2018-09-25,228.33,228.33,206.49,218.5,2120360000.0,22328327983.0,0.5499,21.84
ETH,2018-09-26,218.65,221.44,209.11,215.85,1756100000.0,22061164303.0,0.5466,12.33
ETH,2018-09-27,215.44,230.61,212.65,228.49,2030320000.0,23358464739.0,0.882,17.96
ETH,2018-09-28,229.04,231.75,218.67,222.4,2018120000.0,22740233568.0,0.2852,13.08
ETH,2018-09-29,221.71,234.01,216.08,231.63,2208720000.0,23688983896.0,0.8673,17.93
ETH,2018-09-30,231.33,236.99,228.44,232.85,1765560000.0,23817805502.0,0.5158,8.55
ETH,2018-10-01,233.22,234.15,226.94,230.77,1597500000.0,23609728018.0,0.5312,7.21
ETH,2018-10-02,231.1,231.17,225.84,227.18,1542080000.0,23247403474.0,0.2514,5.33
ETH,2018-10-03,226.41,226.46,213.97,220.49,1683930000.0,22567089086.0,0.522,12.49
ETH,2018-10-04,220.45,226.15,220.09,222.22,1479500000.0,22748580859.0,0.3515,6.06
ETH,2018-10-05,222.27,228.32,220.96,227.6,1547330000.0,23304234601.0,0.9022,7.36
ETH,2018-10-06,227.55,227.93,224.25,225.12,1505070000.0,23054817089.0,0.2364,3.68
ETH,2018-10-07,225.44,226.37,223.0,226.12,1470480000.0,23161767973.0,0.9258,3.37
ETH,2018-10-08,226.51,230.76,224.56,229.25,1470740000.0,23487673000.0,0.7565,6.2
ETH,2018-10-09,229.71,230.16,226.4,227.98,1405130000.0,23361891401.0,0.4202,3.76
ETH,2018-10-10,227.62,227.71,224.5,225.77,1384040000.0,23139713070.0,0.3956,3.21
ETH,2018-10-11,225.61,225.61,189.28,189.5,2167620000.0,19426181717.0,0.0061,36.33
ETH,2018-10-12,188.71,199.4,188.71,196.73,1487900000.0,20171157774.0,0.7502,10.69
ETH,2018-10-13,196.36,201.28,196.36,199.84,1167610000.0,20494529773.0,0.7073,4.92
ETH,2018-10-14,199.69,201.83,195.24,195.72,1169260000.0,20075397007.0,0.0728,6.59
ETH,2018-10-15,195.27,222.12,194.16,209.7,2865830000.0,21514574462.0,0.5558,27.96
ETH,2018-10-16,209.63,212.17,207.98,210.12,1532280000.0,21561538445.0,0.5107,4.19
ETH,2018-10-17,210.22,211.13,205.93,207.08,1444130000.0,21254117736.0,0.2212,5.2
ETH,2018-10-18,207.4,208.47,201.74,203.35,1365860000.0,20875341345.0,0.2392,6.73
ETH,2018-10-19,203.26,204.66,201.84,203.73,1264480000.0,20917973393.0,0.6702,2.82
ETH,2018-10-20,203.51,206.22,203.09,205.43,1238780000.0,21097037289.0,0.7476,3.13
ETH,2018-10-21,205.39,208.16,204.62,205.14,1190300000.0,21071630786.0,0.1469,3.54
ETH,2018-10-22,205.17,206.93,203.38,204.04,1328980000.0,20962977292.0,0.1859,3.55
ETH,2018-10-23,204.02,205.15,201.91,204.34,1237490000.0,20997181867.0,0.75,3.24
ETH,2018-10-24,204.13,205.58,203.35,203.85,1102220000.0,20951603018.0,0.2242,2.23
ETH,2018-10-25,203.87,204.13,201.82,202.72,1102900000.0,20839259066.0,0.3896,2.31
ETH,2018-10-26,202.34,204.78,201.55,203.33,1161310000.0,20906130835.0,0.5511,3.23
ETH,2018-10-27,203.36,206.08,203.13,204.21,1084810000.0,21000852987.0,0.3661,2.95
ETH,2018-10-28,204.51,205.92,203.52,205.37,1139140000.0,21123907349.0,0.7708,2.4
ETH,2018-10-29,205.17,205.6,195.73,197.25,1517230000.0,20292811278.0,0.154,9.87
ETH,2018-10-30,197.2,198.12,196.35,197.56,1363500000.0,20328580026.0,0.6836,1.77
ETH,2018-10-31,197.65,198.34,196.53,197.38,1442380000.0,20314628127.0,0.4696,1.81
ETH,2018-11-01,197.54,203.75,197.33,198.87,1336700000.0,20472105764.0,0.2399,6.42
ETH,2018-11-02,198.98,201.27,198.75,200.63,1451870000.0,20657629735.0,0.746,2.52
ETH,2018-11-03,200.74,200.74,199.53,200.19,1307150000.0,20615439151.0,0.5455,1.21
ETH,2018-11-04,200.16,211.27,198.99,207.49,1749300000.0,21371416840.0,0.6922,12.28
ETH,2018-11-05,207.1,210.82,206.57,209.09,1613510000.0,21540996877.0,0.5929,4.25
ETH,2018-11-06,209.47,218.45,207.89,218.45,1856940000.0,22445690692.0,1.0,10.56
ETH,2018-11-07,218.9,221.65,216.8,217.18,1927830000.0,22383497662.0,0.0784,4.85
ETH,2018-11-08,217.33,218.34,212.2,212.23,1769080000.0,21877424057.0,0.0049,6.14
ETH,2018-11-09,211.99,213.32,209.51,210.07,1554750000.0,21659329261.0,0.147,3.81
ETH,2018-11-10,209.97,213.86,209.81,212.53,1377760000.0,21917195708.0,0.6716,4.05
ETH,2018-11-11,212.48,213.0,208.87,211.34,1501600000.0,21798464881.0,0.5981,4.13
ETH,2018-11-12,211.51,212.62,208.92,210.42,1452380000.0,21707637540.0,0.4054,3.7
ETH,2018-11-13,210.15,210.51,206.13,206.83,1610260000.0,21341261802.0,0.1598,4.38
ETH,2018-11-14,206.53,207.04,174.08,181.4,2595330000.0,18721032761.0,0.2221,32.96
ETH,2018-11-15,181.9,184.25,170.19,180.81,2638410000.0,18663659629.0,0.7553,14.06
ETH,2018-11-16,180.87,181.35,173.13,175.18,2015330000.0,18086156169.0,0.2494,8.22
ETH,2018-11-17,175.36,175.85,172.87,174.0,1832800000.0,17968221715.0,0.3792,2.98
ETH,2018-11-18,174.18,179.15,174.18,177.07,1810920000.0,18288411984.0,0.5815,4.97
ETH,2018-11-19,177.18,177.18,147.85,149.18,2745160000.0,15410551811.0,0.0453,29.33
ETH,2018-11-20,148.81,151.25,126.36,130.34,3134410000.0,13467303239.0,0.1599,24.89
ETH,2018-11-21,131.14,138.89,125.76,136.7,2685930000.0,14127420909.0,0.8332,13.13
ETH,2018-11-22,136.81,137.74,126.71,126.71,1792150000.0,13097009562.0,0.0,11.03
ETH,2018-11-23,126.42,127.03,119.56,123.3,1998010000.0,12747016419.0,0.5007,7.47
ETH,2018-11-24,123.3,126.79,110.83,113.49,1800960000.0,11735901799.0,0.1667,15.96
ETH,2018-11-25,113.13,118.88,101.77,116.45,2466750000.0,12043900588.0,0.858,17.11
ETH,2018-11-26,116.34,118.2,104.89,108.33,2139490000.0,11206775318.0,0.2585,13.31
ETH,2018-11-27,107.91,111.84,102.45,110.01,2320010000.0,11382216773.0,0.8051,9.39
ETH,2018-11-28,110.2,126.05,110.2,122.44,2673470000.0,12670491119.0,0.7722,15.85
ETH,2018-11-29,122.72,123.23,115.3,117.54,2196099151.0,12166285642.0,0.2825,7.93
